[
    {
        "id": 25,
        "title": "Grandville, Visions, and Dreams",
        "image": "https://source.unsplash.com/FOd0RVzc0TU/640x480",
        "categories": ["Art & Illustrations", "Books"],
        "author": {
            "name": "Patricia Mainardi",
            "avatar": "https://source.unsplash.com/53ouhY5koKY/128x128"
        },
        "date": "2022-09-13T12:59:15",
        "featured": true,
        "bookmarked": false
    },
    {
        "id": 24,
        "title": "When Dorothy Parker Got Fired from Vanity Fair",
        "image": "https://source.unsplash.com/dnkM5wPjVdg/640x480",
        "categories": ["Drama", "Literature"],
        "author": {
            "name": "Jonathan Goldman",
            "avatar": "https://source.unsplash.com/WNoLnJo7tS8/128x128"
        },
        "date": "2022-08-06T17:23:45",
        "featured": false,
        "bookmarked": false
    },
    {
        "id": 23,
        "title": "Frank Norris and the Invention of Film Editing",
        "image": "https://source.unsplash.com/5UdK_9tZIaY/640x480",
        "categories": ["Film", "Literature"],
        "author": {
            "name": "Henry Giardina",
            "avatar": "https://source.unsplash.com/84E44EdD18o/128x128"
        },
        "date": "2022-07-25T11:20:11",
        "featured": false,
        "bookmarked": false
    },
    {
        "id": 22,
        "title": "The Dust That Measures All Our Time",
        "image": "https://source.unsplash.com/eioLIcqoSFA/640x480",
        "categories": ["Literature"],
        "author": {
            "name": "Steven Connor",
            "avatar": "https://source.unsplash.com/ZHvM3XIOHoE/128x128"
        },
        "date": "2022-07-07T20:34:14",
        "featured": true,
        "bookmarked": true
    },
    {
        "id": 21,
        "title": "Inventing the Recording",
        "image": "https://source.unsplash.com/mbGxz7pt0jM/640x480",
        "categories": ["Music"],
        "author": {
            "name": "Eva Moreda Rodriguez",
            "avatar": "https://source.unsplash.com/nEWGCi7gB8U/128x128"
        },
        "date": "2022-06-19T12:34:06",
        "featured": false,
        "bookmarked": false
    },
    {
        "id": 20,
        "title": "Sex and Science in Robert Thornton's Temple of Flora",
        "image": "https://source.unsplash.com/EfhCUc_fjrU/640x480",
        "categories": ["Books", "Painting", "Poetry"],
        "author": {
            "name": "Martin Kemp",
            "avatar": "https://source.unsplash.com/tidSLv-UaNs/128x128"
        },
        "date": "2022-06-03T01:44:23",
        "featured": false,
        "bookmarked": false
    },
    {
        "id": 19,
        "title": "Out From Behind This Mask",
        "image": "https://source.unsplash.com/a2wU2cfiFOc/640x480",
        "categories": ["Culture & History", "Philosophy"],
        "author": {
            "name": "Graham Burnett",
            "avatar": "https://source.unsplash.com/PMd3zZUBeCg/128x128"
        },
        "date": "2022-05-23T18:28:53",
        "featured": true,
        "bookmarked": false
    },
    {
        "id": 18,
        "title": "The Snowflake Man of Vermont",
        "image": "https://source.unsplash.com/lVhhJpjfoFM/640x480",
        "categories": ["Photography", "Science & Medicine"],
        "author": {
            "name": "Keith Heidorn",
            "avatar": "https://source.unsplash.com/OSKZMbtsLFU/128x128"
        },
        "date": "2022-05-14T10:30:45",
        "featured": false,
        "bookmarked": true
    },
    {
        "id": 17,
        "title": "On Oscar Wilde and Plagiarism",
        "image": "https://source.unsplash.com/8osPik_oxbk/640x480",
        "categories": ["Books", "Poetry"],
        "author": {
            "name": "Rebecca Mitchell",
            "avatar": "https://source.unsplash.com/Z4i7xef7EhY/128x128"
        },
        "date": "2022-05-06T11:20:11",
        "featured": false,
        "bookmarked": false
    },
    {
        "id": 16,
        "title": "The Revolutionary Colossus",
        "image": "https://source.unsplash.com/Fw_2kaQZc90/640x480",
        "categories": ["Art & Illustrations", "Culture & History"],
        "author": {
            "name": "Samantha Wesner",
            "avatar": "https://source.unsplash.com/qzDF5PNEWKc/128x128"
        },
        "date": "2022-05-03T02:23:59",
        "featured": false,
        "bookmarked": false
    },
    {
        "id": 15,
        "title": "Machiavelli, Comedian",
        "image": "https://source.unsplash.com/fTgjE-TO6ds/640x480",
        "categories": ["Drama", "Philosophy"],
        "author": {
            "name": "Christopher Celenza",
            "avatar": "https://source.unsplash.com/8ryZGXuDVf4/128x128"
        },
        "date": "2022-04-21T05:31:41",
        "featured": false,
        "bookmarked": false
    },
    {
        "id": 14,
        "title": "Private Snafu Goes to War",
        "image": "https://source.unsplash.com/TbqfQFVUMkE/640x480",
        "categories": ["Film"],
        "author": {
            "name": "Mark David Kaufman",
            "avatar": "https://source.unsplash.com/xQat-bJpMRg/128x128"
        },
        "date": "2022-04-01T13:59:09",
        "featured": true,
        "bookmarked": false
    },
    {
        "id": 13,
        "title": "100 Years of The Secret Garden",
        "image": "https://source.unsplash.com/pncTHnpCtaM/640x480",
        "categories": ["Books", "Literature"],
        "author": {
            "name": "Gretchen Holbrook Gerzina",
            "avatar": "https://source.unsplash.com/G7Y2mEMcsvI/128x128"
        },
        "date": "2022-03-31T06:55:40",
        "featured": false,
        "bookmarked": true
    },
    {
        "id": 12,
        "title": "Audubon's Haiti",
        "image": "https://source.unsplash.com/WeYamle9fDM/640x480",
        "categories": ["Art & Illustrations"],
        "author": {
            "name": "Christoph Irmscher",
            "avatar": "https://source.unsplash.com/Y9acaIldFMI/128x128"
        },
        "date": "2022-03-04T16:12:08",
        "featured": false,
        "bookmarked": false
    },
    {
        "id": 11,
        "title": "Elephants and Machines in Motion",
        "image": "https://source.unsplash.com/BuQ1RZckYW4/640x480",
        "categories": ["Culture & History"],
        "author": {
            "name": "Ross Bullen",
            "avatar": "https://source.unsplash.com/VQzkQXVNyWM/128x128"
        },
        "date": "2022-02-15T15:19:37",
        "featured": false,
        "bookmarked": false
    },
    {
        "id": 10,
        "title": "Christiaan Huygens' Ideas of Extraterrestrial Life",
        "image": "https://source.unsplash.com/otKYK0h-5tE/640x480",
        "categories": ["Science & Medicine"],
        "author": {
            "name": "Hugh Aldersey-Williams",
            "avatar": "https://source.unsplash.com/LLCTFYTgdIM/128x128"
        },
        "date": "2022-01-27T23:11:07",
        "featured": false,
        "bookmarked": false
    },
    {
        "id": 9,
        "title": "From Early Modern Science to Modern Myth",
        "image": "https://source.unsplash.com/ef3A5EDR7Jk/640x480",
        "categories": ["Religion, Myth & Legend"],
        "author": {
            "name": "Jonathan Westaway",
            "avatar": "https://source.unsplash.com/g_0aZYewvyg/128x128"
        },
        "date": "2022-01-11T19:42:29",
        "featured": true,
        "bookmarked": true
    },
    {
        "id": 8,
        "title": "Gustav Wunderwald's Paintings of Weimar Berlin",
        "image": "https://source.unsplash.com/bnFvPJKwJpo/640x480",
        "categories": ["Art & Illustrations", "Painting"],
        "author": {
            "name": "Mark Hobbs",
            "avatar": "https://source.unsplash.com/w0JaJHvyYG0/128x128"
        },
        "date": "2022-01-01T17:30:18",
        "featured": false,
        "bookmarked": false
    },
    {
        "id": 7,
        "title": "Athanasius Kircher's Study of the Plague",
        "image": "https://source.unsplash.com/rPlJICB2VAM/640x480",
        "categories": ["Science & Medicine"],
        "author": {
            "name": "John Glassie",
            "avatar": "https://source.unsplash.com/CJiFwySDd28/128x128"
        },
        "date": "2021-12-22T09:15:57",
        "featured": false,
        "bookmarked": false
    },
    {
        "id": 6,
        "title": "On Summers in Switzerland and Sheffield",
        "image": "https://source.unsplash.com/a1YNJ3T9UJg/640x480",
        "categories": ["Books", "Literature", "Philosophy"],
        "author": {
            "name": "Sean Williams",
            "avatar": "https://source.unsplash.com/5vg_SarQimA/128x128"
        },
        "date": "2021-12-10T00:07:12",
        "featured": true,
        "bookmarked": true
    },
    {
        "id": 5,
        "title": "The Kept and the Killed",
        "image": "https://source.unsplash.com/4LurEHsc1uk/640x480",
        "categories": ["Photography"],
        "author": {
            "name": "Erica Eisen",
            "avatar": "https://source.unsplash.com/uJ8LNVCBjFQ/128x128"
        },
        "date": "2021-11-21T16:23:01",
        "featured": false,
        "bookmarked": false
    },
    {
        "id": 4,
        "title": "Robert Southey's Dreams Revisited",
        "image": "https://source.unsplash.com/jD1huE0iPk0/640x480",
        "categories": ["Literature", "Poetry"],
        "author": {
            "name": "W.A. Speck",
            "avatar": "https://source.unsplash.com/acOt5cSl9xM/128x128"
        },
        "date": "2021-11-09T13:33:46",
        "featured": false,
        "bookmarked": false
    },
    {
        "id": 3,
        "title": "Voltaire and the Buddha",
        "image": "https://source.unsplash.com/RmFX5bxHqCg/640x480",
        "categories": ["Religion, Myth & Legend"],
        "author": {
            "name": "Donald Lopez",
            "avatar": "https://source.unsplash.com/1mEKyDTmTaw/128x128"
        },
        "date": "2021-10-17T07:47:53",
        "featured": true,
        "bookmarked": false
    },
    {
        "id": 2,
        "title": "The Spiralist",
        "image": "https://source.unsplash.com/6g3Akg708E0/640x480",
        "categories": ["Science & Medicine"],
        "author": {
            "name": "Kevin Dann",
            "avatar": "https://source.unsplash.com/RknsWEMVpIA/128x128"
        },
        "date": "2021-10-02T09:25:12",
        "featured": false,
        "bookmarked": true
    },
    {
        "id": 1,
        "title": "Elephants, Horses, and the Proportions of Paradise",
        "image": "https://source.unsplash.com/mjXm9gYP4wE/640x480",
        "categories": ["Art & Illustrations"],
        "author": {
            "name": "Daniel Margocsy",
            "avatar": "https://source.unsplash.com/DItYlc26zVI/128x128"
        },
        "date": "2021-09-13T03:45:39",
        "featured": false,
        "bookmarked": false
    }
]