[
    
    {
        "id": 1,
        "name": "Kayakapi Premium Caves",
        "image": "https://source.unsplash.com/76-58HpxvpQ/640x480",
        "location": "Cappadocia, Turkey",
        "category": "Hotels & Resorts",
        "distance": 15,
        "rating": 4.5,
        "reviews": 267,
        "score": 9.5,
        "verified": false,
        "featured": true,
        "favorite": true
    },
    {
        "id": 2,
        "name": "Walt Disney World's Magic Kingdom",
        "image": "https://source.unsplash.com/tQdNXd-6xao/640x480",
        "location": "Florida, USA",
        "category": "Amusement Parks",
        "distance": 1566,
        "rating": 4.6,
        "reviews": 176,
        "score": 9.3,
        "verified": true,
        "featured": false,
        "favorite": false
    },
    {
        "id": 3,
        "name": "Sukawati Art Market",
        "image": "https://source.unsplash.com/icrgOVY8p10/640x480",
        "location": "Bali, Indonesia",
        "category": "Shopping",
        "distance": 678,
        "rating": 4.7,
        "reviews": 65,
        "score": 9.5,
        "verified": true,
        "featured": true,
        "favorite": true
    },
    {
        "id": 4,
        "name": "Kosmetik Aurora",
        "image": "https://source.unsplash.com/jsuWg7IXx1k/640x480",
        "location": "Innsbruck, Austria",
        "category": "Beauty & Spa",
        "distance": 1311,
        "rating": 4.9,
        "reviews": 712,
        "score": 9.8,
        "verified": false,
        "featured": true,
        "favorite": false
    },
    {
        "id": 5,
        "name": "La Maison Favart",
        "image": "https://source.unsplash.com/Pm7Ugc2-WSg/640x480",
        "location": "Paris, France",
        "category": "Hotels & Resorts",
        "distance": 170,
        "rating": 4.7,
        "reviews": 135,
        "score": 9.1,
        "verified": true,
        "featured": false,
        "favorite": true
    },
    {
        "id": 6,
        "name": "Gucci Store",
        "image": "https://source.unsplash.com/thTnnyB4oks/640x480",
        "location": "Florence, Italy",
        "category": "Shopping",
        "distance": 198,
        "rating": 4.5,
        "reviews": 23,
        "score": 9.2,
        "verified": true,
        "featured": false,
        "favorite": false
    },
    {
        "id": 7,
        "name": "Nobelhart & Schmutzig",
        "image": "https://source.unsplash.com/tHbWtMFzZZs/640x480",
        "location": "Berlin, Germany",
        "category": "Bars & Restaurants",
        "distance": 364,
        "rating": 4.4,
        "reviews": 97,
        "score": 9,
        "verified": false,
        "featured": true,
        "favorite": false
    },
    {
        "id": 8,
        "name": "Atlantis, The Palm",
        "image": "https://source.unsplash.com/wJ6xyh1YMxU/640x480",
        "location": "Dubai, UAE",
        "category": "Hotels & Resorts",
        "distance": 1175,
        "rating": 4.8,
        "reviews": 533,
        "score": 9.8,
        "verified": true,
        "featured": true,
        "favorite": true
    },
    {
        "id": 9,
        "name": "Truelase Beauty Clinic",
        "image": "https://source.unsplash.com/fI-TKWjKYls/640x480",
        "location": "Dubai, UAE",
        "category": "Beauty & Spa",
        "distance": 1163,
        "rating": 4.3,
        "reviews": 167,
        "score": 9.0,
        "verified": false,
        "featured": false,
        "favorite": true
    },
    {
        "id": 10,
        "name": "Aquaventure Waterpark",
        "image": "https://source.unsplash.com/JK1TD9Sp5kY/640x480",
        "location": "Dubai, UAE",
        "category": "Amusement Parks",
        "distance": 1175,
        "rating": 4.5,
        "reviews": 134,
        "score": 9.5,
        "verified": true,
        "featured": true,
        "favorite": false
    },
    {
        "id": 11,
        "name": "The Clove Club",
        "image": "https://source.unsplash.com/poI7DelFiVA/640x480",
        "location": "London, UK",
        "category": "Bars & Restaurants",
        "distance": 833,
        "rating": 3.9,
        "reviews": 23,
        "score": 8.7,
        "verified": false,
        "featured": false,
        "favorite": true
    },
    {
        "id": 12,
        "name": "Tulemar Bungalows & Villas",
        "image": "https://source.unsplash.com/e3Lvq_57L2s/640x480",
        "location": "Manuel Antonio, Costa Rica",
        "category": "Hotels & Resorts",
        "distance": 769,
        "rating": 4.1,
        "reviews": 87,
        "score": 9.1,
        "verified": true,
        "featured": false,
        "favorite": false
    },
    {
        "id": 13,
        "name": "Disneyland",
        "image": "https://source.unsplash.com/BLYq8Qk8Q98/640x480",
        "location": "Hong Kong",
        "category": "Amusement Parks",
        "distance": 970,
        "rating": 4.9,
        "reviews": 1344,
        "score": 9.8,
        "verified": true,
        "featured": true,
        "favorite": true
    },
    {
        "id": 14,
        "name": "The Home Depot",
        "image": "https://source.unsplash.com/loDPKt_srQ0/640x480",
        "location": "Atlanta, Georgia, USA",
        "category": "Shopping",
        "distance": 235,
        "rating": 4,
        "reviews": 190,
        "score": 8.9,
        "verified": false,
        "featured": false,
        "favorite": false
    },
    {
        "id": 15,
        "name": "Caesars Palace",
        "image": "https://source.unsplash.com/DOUoG3sRQQY/640x480",
        "location": "Las Vegas, USA",
        "category": "Casinos",
        "distance": 1235,
        "rating": 4.9,
        "reviews": 1355,
        "score": 9.8,
        "verified": true,
        "featured": true,
        "favorite": false
    }
]