[
    {
        "id": 25,
        "title": "District Configuration Representative",
        "description": "Placeat fugit quos. Ab adipisci repellat reiciendis cupiditate quibusdam perspiciatis animi commodi dicta. Libero dolor illum non facere.",
        "company": {
            "id": 3,
            "name": "Cisco",
            "logo": "https://logo.clearbit.com/cisco.com"
        },
        "location": "Citrus Heights, Reunion",
        "contract": "Full Time",
        "experience": "1-2 Years",
        "salary": "6-10 Lakhs",
        "date": "2022-12-15T14:30:23",
        "urgent": false,
        "saved": false
    },
    {
        "id": 24,
        "title": "Principal Optimization Analyst",
        "description": "Facere molestiae voluptatem numquam ex at. Doloribus vel ipsum explicabo harum iusto reiciendis. Exercitationem autem quia ullam quam.",
        "company": {
            "id": 8,
            "name": "Sony",
            "logo": "https://logo.clearbit.com/sony.com"
        },
        "location": "Palm Springs, Republic of Korea",
        "contract": "Part Time",
        "experience": "5-7 Years",
        "salary": "6-10 Lakhs",
        "date": "2022-12-08T15:23:29",
        "urgent": true,
        "saved": true
    },
    {
        "id": 23,
        "title": "District Paradigm Director",
        "description": "Quo ratione veritatis. Cum quaerat quos expedita laborum nam sapiente voluptatum. Accusantium eaque vel.",
        "company": {
            "id": 10,
            "name": "Honeywell",
            "logo": "https://logo.clearbit.com/honeywell.com"
        },
        "location": "Modesto, Brunei Darussalam",
        "contract": "Zero Hour",
        "experience": "5-7 Years",
        "salary": "6-10 Lakhs",
        "date": "2022-12-02T12:03:13",
        "urgent": false,
        "saved": false
    },
    {
        "id": 22,
        "title": "Human Assurance Producer",
        "description": "Rem quisquam iure distinctio eaque. Aut temporibus quis ex eius sit quia eius mollitia totam. Ducimus reiciendis laboriosam neque dolorem aut id.",
        "company": {
            "id": 4,
            "name": "Nike",
            "logo": "https://logo.clearbit.com/nike.com"
        },
        "location": "Westfield, El Salvador",
        "contract": "Full Time",
        "experience": "15+ Years",
        "salary": "100+ Lakhs",
        "date": "2022-11-28T22:00:47",
        "urgent": false,
        "saved": false
    },
    {
        "id": 21,
        "title": "Global Applications Director",
        "description": "Doloremque odio aliquam facere. Totam aut rem vero corporis fugit. Eaque animi sapiente.",
        "company": {
            "id": 3,
            "name": "Cisco",
            "logo": "https://logo.clearbit.com/cisco.com"
        },
        "location": "Kokomo, Germany",
        "contract": "Zero Hour",
        "experience": "1-2 Years",
        "salary": "10-15 Lakhs",
        "date": "2022-11-26T03:26:05",
        "urgent": true,
        "saved": false
    },
    {
        "id": 20,
        "title": "Investor Intranet Technician",
        "description": "Nostrum perspiciatis a. Maxime aliquid praesentium enim. Omnis fugit mollitia aliquam voluptates quidem minus.",
        "company": {
            "id": 6,
            "name": "Toyota",
            "logo": "https://logo.clearbit.com/toyota.com"
        },
        "location": "Germantown, Greenland",
        "contract": "Full Time",
        "experience": "5-7 Years",
        "salary": "100+ Lakhs",
        "date": "2022-11-25T07:08:51",
        "urgent": false,
        "saved": true
    },
    {
        "id": 19,
        "title": "Dynamic Infrastructure Facilitator",
        "description": "Necessitatibus repellendus molestiae aliquid. Laudantium nesciunt dicta. Optio dolorum eum minus impedit nisi nostrum deleniti aperiam.",
        "company": {
            "id": 2,
            "name": "Disney",
            "logo": "https://logo.clearbit.com/disney.com.au"
        },
        "location": "Meridian, Barbados",
        "contract": "Fixed Term",
        "experience": "15+ Years",
        "salary": "0-3 Lakhs",
        "date": "2022-11-21T10:19:15",
        "urgent": true,
        "saved": true
    },
    {
        "id": 18,
        "title": "Product Configuration Consultant",
        "description": "Consectetur officia laboriosam sit non iusto vitae voluptate. Neque quos voluptatum quod velit animi quas. Quia quae consequatur provident laborum facilis consequuntur placeat sequi aperiam.",
        "company": {
            "id": 2,
            "name": "Disney",
            "logo": "https://logo.clearbit.com/disney.com.au"
        },
        "location": "Missoula, Lebanon",
        "contract": "Part Time",
        "experience": "1-2 Years",
        "salary": "75-100 Lakhs",
        "date": "2022-11-14T01:23:34",
        "urgent": true,
        "saved": false
    },
    {
        "id": 17,
        "title": "Dynamic Group Executive",
        "description": "Tenetur dicta dolore mollitia itaque numquam. Cupiditate quos delectus mollitia ipsam. Similique expedita laboriosam facilis.",
        "company": {
            "id": 1,
            "name": "Amazon",
            "logo": "https://logo.clearbit.com/amazon.com"
        },
        "location": "Napa, Turkmenistan",
        "contract": "Freelance",
        "experience": "0-1 Years",
        "salary": "75-100 Lakhs",
        "date": "2022-11-13T06:33:02",
        "urgent": false,
        "saved": true
    },
    {
        "id": 16,
        "title": "Lead Accountability Developer",
        "description": "Eos a rem sint. Atque dignissimos officiis earum dolor eligendi corporis. Necessitatibus aspernatur doloremque assumenda ipsum doloremque tempore voluptates quas.",
        "company": {
            "id": 2,
            "name": "Disney",
            "logo": "https://logo.clearbit.com/disney.com.au"
        },
        "location": "Baldwin Park, Hong Kong",
        "contract": "Zero Hour",
        "experience": "10-15 Years",
        "salary": "50-75 Lakhs",
        "date": "2022-11-05T13:34:02",
        "urgent": false,
        "saved": false
    },
    {
        "id": 15,
        "title": "Senior Usability Associate",
        "description": "Vel minus voluptas eaque ullam beatae illo. Et delectus soluta harum deleniti consequatur perspiciatis rem porro. Eveniet corrupti ullam natus eum error quidem.",
        "company": {
            "id": 1,
            "name": "Amazon",
            "logo": "https://logo.clearbit.com/amazon.com"
        },
        "location": "Lawton, Syrian Arab Republic",
        "contract": "Part Time",
        "experience": "2-5 Years",
        "salary": "3-6 Lakhs",
        "date": "2022-11-01T07:01:06",
        "urgent": false,
        "saved": false
    },
    {
        "id": 14,
        "title": "Investor Optimization Associate",
        "description": "Provident perferendis quidem maiores impedit a aliquid odit dolorum magni. Earum voluptatum inventore voluptas quis maiores quo enim molestias excepturi. Ex harum perspiciatis reiciendis molestias.",
        "company": {
            "id": 4,
            "name": "Nike",
            "logo": "https://logo.clearbit.com/nike.com"
        },
        "location": "Erie, Heard Island and McDonald Islands",
        "contract": "Part Time",
        "experience": "10-15 Years",
        "salary": "6-10 Lakhs",
        "date": "2022-10-20T10:28:21",
        "urgent": true,
        "saved": false
    },
    {
        "id": 13,
        "title": "Regional Marketing Orchestrator",
        "description": "Dolore illum impedit esse sequi earum blanditiis velit quis. At rerum repellat. Necessitatibus harum excepturi placeat neque quasi accusamus ratione.",
        "company": {
            "id": 9,
            "name": "Siemens",
            "logo": "https://logo.clearbit.com/siemens.com"
        },
        "location": "Fresno, Benin",
        "contract": "Full Time",
        "experience": "7-10 Years",
        "salary": "75-100 Lakhs",
        "date": "2022-10-20T08:41:11",
        "urgent": false,
        "saved": false
    },
    {
        "id": 12,
        "title": "Dynamic Response Liaison",
        "description": "Error unde fugit exercitationem odit earum. Consectetur vero itaque sit possimus voluptate id porro sequi. Eum eaque numquam quo quidem omnis architecto eligendi ipsam.",
        "company": {
            "id": 6,
            "name": "Toyota",
            "logo": "https://logo.clearbit.com/toyota.com"
        },
        "location": "West Lafayette, Georgia",
        "contract": "Full Time",
        "experience": "5-7 Years",
        "salary": "15-25 Lakhs",
        "date": "2022-10-19T01:00:08",
        "urgent": true,
        "saved": true
    },
    {
        "id": 11,
        "title": "Direct Functionality Planner",
        "description": "Dolores quaerat blanditiis eius nostrum. Quaerat hic quia odio eaque facere. Occaecati asperiores distinctio inventore dolorem.",
        "company": {
            "id": 6,
            "name": "Toyota",
            "logo": "https://logo.clearbit.com/toyota.com"
        },
        "location": "Longmont, Sudan",
        "contract": "Part Time",
        "experience": "15+ Years",
        "salary": "10-15 Lakhs",
        "date": "2022-10-18T06:11:39",
        "urgent": true,
        "saved": false
    },
    {
        "id": 10,
        "title": "Chief Markets Engineer",
        "description": "Esse dignissimos impedit vero expedita officia eum deserunt eaque quas. Ut ad animi asperiores sapiente. Quisquam doloremque vel id quos doloremque inventore quos.",
        "company": {
            "id": 6,
            "name": "Toyota",
            "logo": "https://logo.clearbit.com/toyota.com"
        },
        "location": "Parma, Tunisia",
        "contract": "Zero Hour",
        "experience": "0-1 Years",
        "salary": "25-50 Lakhs",
        "date": "2022-10-16T15:51:41",
        "urgent": true,
        "saved": false
    },
    {
        "id": 9,
        "title": "Forward Optimization Agent",
        "description": "Alias numquam quaerat voluptate repellat occaecati autem corrupti. Inventore adipisci cum ullam fugit itaque laudantium aspernatur temporibus. Dolore accusantium aspernatur.",
        "company": {
            "id": 6,
            "name": "Toyota",
            "logo": "https://logo.clearbit.com/toyota.com"
        },
        "location": "Eden Prairie, Guadeloupe",
        "contract": "Fixed Term",
        "experience": "2-5 Years",
        "salary": "3-6 Lakhs",
        "date": "2022-10-10T09:42:46",
        "urgent": false,
        "saved": true
    },
    {
        "id": 8,
        "title": "Internal Assurance Planner",
        "description": "Unde incidunt aut consectetur architecto aut eaque. Consequuntur nihil illum nisi. Tempore suscipit saepe deleniti.",
        "company": {
            "id": 7,
            "name": "Qualcomm",
            "logo": "https://logo.clearbit.com/qualcomm.com"
        },
        "location": "Santa Maria, Cocos (Keeling) Islands",
        "contract": "Fixed Term",
        "experience": "0-1 Years",
        "salary": "3-6 Lakhs",
        "date": "2022-10-05T08:05:32",
        "urgent": true,
        "saved": false
    },
    {
        "id": 7,
        "title": "International Quality Officer",
        "description": "Debitis at repudiandae veritatis. Dolorem quas perspiciatis nihil illo. Quis dignissimos soluta quae officia itaque laboriosam repellat aliquam.",
        "company": {
            "id": 10,
            "name": "Honeywell",
            "logo": "https://logo.clearbit.com/honeywell.com"
        },
        "location": "Tallahassee, Gibraltar",
        "contract": "Zero Hour",
        "experience": "1-2 Years",
        "salary": "100+ Lakhs",
        "date": "2022-10-04T10:51:02",
        "urgent": false,
        "saved": true
    },
    {
        "id": 6,
        "title": "Chief Interactions Director",
        "description": "Et maiores quas soluta tempore minus mollitia rem exercitationem. Perspiciatis eum iure eveniet error. Aut labore sequi perspiciatis laudantium.",
        "company": {
            "id": 5,
            "name": "Oracle",
            "logo": "https://logo.clearbit.com/oraclecloud.com"
        },
        "location": "Lake Ridge, Jordan",
        "contract": "Freelance",
        "experience": "0-1 Years",
        "salary": "15-25 Lakhs",
        "date": "2022-10-04T05:35:21",
        "urgent": true,
        "saved": true
    },
    {
        "id": 5,
        "title": "Human Web Director",
        "description": "Ducimus dolore fugit harum sunt ea corrupti ea. Quos quasi ipsam est veniam voluptatem. Esse quam ipsum.",
        "company": {
            "id": 6,
            "name": "Toyota",
            "logo": "https://logo.clearbit.com/toyota.com"
        },
        "location": "Sunrise, Uzbekistan",
        "contract": "Zero Hour",
        "experience": "2-5 Years",
        "salary": "0-3 Lakhs",
        "date": "2022-10-03T05:48:56",
        "urgent": true,
        "saved": false
    },
    {
        "id": 4,
        "title": "Lead Brand Manager",
        "description": "Quaerat hic possimus at excepturi soluta explicabo laboriosam alias voluptatibus. Exercitationem rerum eveniet dicta repellendus quae illo. Ut nulla quia dolorem minus sunt assumenda impedit.",
        "company": {
            "id": 7,
            "name": "Qualcomm",
            "logo": "https://logo.clearbit.com/qualcomm.com"
        },
        "location": "Pico Rivera, Slovakia (Slovak Republic)",
        "contract": "Zero Hour",
        "experience": "0-1 Years",
        "salary": "100+ Lakhs",
        "date": "2022-09-29T09:25:33",
        "urgent": false,
        "saved": false
    },
    {
        "id": 3,
        "title": "Regional Response Architect",
        "description": "Similique delectus nostrum ad magni molestiae at odio sunt. Recusandae autem nulla dolore. Maxime animi ea placeat facere.",
        "company": {
            "id": 7,
            "name": "Qualcomm",
            "logo": "https://logo.clearbit.com/qualcomm.com"
        },
        "location": "Niagara Falls, Dominica",
        "contract": "Full Time",
        "experience": "15+ Years",
        "salary": "25-50 Lakhs",
        "date": "2022-09-21T16:33:09",
        "urgent": true,
        "saved": true
    },
    {
        "id": 2,
        "title": "Principal Optimization Engineer",
        "description": "Sed molestiae ducimus laborum excepturi ad quis ex perferendis nihil. Non minima illum eos. Dicta libero magni fuga dolores.",
        "company": {
            "id": 8,
            "name": "Sony",
            "logo": "https://logo.clearbit.com/sony.com"
        },
        "location": "Chandler, Palau",
        "contract": "Fixed Term",
        "experience": "7-10 Years",
        "salary": "15-25 Lakhs",
        "date": "2022-09-19T14:54:13",
        "urgent": true,
        "saved": true
    },
    {
        "id": 1,
        "title": "Future Infrastructure Designer",
        "description": "Ipsam esse illum rerum et odio deserunt ipsa. Ipsam nihil autem in velit officia dolorem. Error praesentium iste tempora quidem culpa architecto.",
        "company": {
            "id": 2,
            "name": "Disney",
            "logo": "https://logo.clearbit.com/disney.com.au"
        },
        "location": "Wesley Chapel, Bahrain",
        "contract": "Full Time",
        "experience": "2-5 Years",
        "salary": "3-6 Lakhs",
        "date": "2022-09-17T09:04:15",
        "urgent": false,
        "saved": true
    }
]