[
    {
        "id": 1,
        "name": "Unisex Smartwatch",
        "brand": "Garmin",
        "image": "https://source.unsplash.com/2cFZ_FB08UM/320x320",
        "original_price": 7999,
        "offer_price": 6599,
        "rating": 4.5,
        "available": true,
        "bestseller": false,
        "sponsored": true,
        "wishlist": false
    },
    {
        "id": 2,
        "name": "Xbox Wireless Bluetooth Gamepad",
        "brand": "Microsoft",
        "image": "https://source.unsplash.com/0POwK6iAiRQ/320x320",
        "original_price": 5100,
        "offer_price": null,
        "rating": null,
        "available": false,
        "bestseller": false,
        "sponsored": false,
        "wishlist": false
    },
    {
        "id": 3,
        "name": "Wireless Extra Bass Headphones",
        "brand": "Sony",
        "image": "https://source.unsplash.com/RZmiDOpv1lM/320x320",
        "original_price": 22990,
        "offer_price": null,
        "rating": 4.9,
        "available": true,
        "bestseller": true,
        "sponsored": false,
        "wishlist": true
    },
    {
        "id": 4,
        "name": "Instant Energy Drink",
        "brand": "Gatorade",
        "image": "https://source.unsplash.com/2Fy9Rgq59QU/320x320",
        "original_price": 159,
        "offer_price": null,
        "rating": 4.5,
        "available": true,
        "bestseller": false,
        "sponsored": true,
        "wishlist": false
    },
    {
        "id": 5,
        "name": "Radical Toast & Cafe Fugaz Coffee Beans",
        "brand": "Barista",
        "image": "https://source.unsplash.com/XoiBIpYkPJA/320x320",
        "original_price": 399,
        "offer_price": 259,
        "rating": null,
        "available": true,
        "bestseller": false,
        "sponsored": false,
        "wishlist": false
    },
    {
        "id": 6,
        "name": "Eau De Parfum",
        "brand": "Chanel",
        "image": "https://source.unsplash.com/potCPE_Cw8A/320x320",
        "original_price": 6500,
        "offer_price": null,
        "rating": 4.7,
        "available": true,
        "bestseller": false,
        "sponsored": false,
        "wishlist": true
    },
    {
        "id": 7,
        "name": "Zero Calories Cola Flavored Drink",
        "brand": "Jenuin",
        "image": "https://source.unsplash.com/8q19GH2I88s/320x320",
        "original_price": 69,
        "offer_price": null,
        "rating": 3.9,
        "available": false,
        "bestseller": false,
        "sponsored": false,
        "wishlist": false
    },
    {
        "id": 8,
        "name": "Gameboy Color Console",
        "brand": "Nintendo",
        "image": "https://source.unsplash.com/v8XaVfyo41Q/320x320",
        "original_price": 5000,
        "offer_price": null,
        "rating": null,
        "available": true,
        "bestseller": true,
        "sponsored": false,
        "wishlist": false
    },
    {
        "id": 9,
        "name": "Die-Cast Toy Car",
        "brand": "Aston Martin",
        "image": "https://source.unsplash.com/0CZwuZhiC84/320x320",
        "original_price": 11999,
        "offer_price": 8799,
        "rating": 4.2,
        "available": true,
        "bestseller": false,
        "sponsored": false,
        "wishlist": true
    },
    {
        "id": 10,
        "name": "Portable Bluetooth Speakers",
        "brand": "JBL",
        "image": "https://source.unsplash.com/TMUQWi4UOUM/320x320",
        "original_price": 3599,
        "offer_price": null,
        "rating": null,
        "available": true,
        "bestseller": false,
        "sponsored": false,
        "wishlist": false
    },
    {
        "id": 11,
        "name": "Fresh Aloe Vera Juice",
        "brand": "Jiva",
        "image": "https://source.unsplash.com/EzCNMT9_paM/320x320",
        "original_price": 199,
        "offer_price": 159,
        "rating": 4.4,
        "available": true,
        "bestseller": false,
        "sponsored": true,
        "wishlist": false
    },
    {
        "id": 12,
        "name": "Men's Runner Shoes",
        "brand": "Puma",
        "image": "https://source.unsplash.com/F4rWoM3cYjI/320x320",
        "original_price": 12999,
        "offer_price": 11999,
        "rating": 4.8,
        "available": true,
        "bestseller": true,
        "sponsored": false,
        "wishlist": true
    },
    {
        "id": 13,
        "name": "Carbonated Drink",
        "brand": "Coca-Cola",
        "image": "https://source.unsplash.com/1yQEs9ZumxU/320x320",
        "original_price": 55,
        "offer_price": null,
        "rating": null,
        "available": false,
        "bestseller": false,
        "sponsored": false,
        "wishlist": false
    },
    {
        "id": 14,
        "name": "Frappucino Coffee Drink",
        "brand": "Starbucks",
        "image": "https://source.unsplash.com/Hh_PgRMWjic/320x320",
        "original_price": 375,
        "offer_price": null,
        "rating": null,
        "available": true,
        "bestseller": false,
        "sponsored": false,
        "wishlist": false
    },
    {
        "id": 15,
        "name": "USB Type-C Thunderbolt Dock",
        "brand": "Portronics",
        "image": "https://source.unsplash.com/ShgFu6BqFnM/320x320",
        "original_price": 325,
        "offer_price": null,
        "rating": null,
        "available": true,
        "bestseller": false,
        "sponsored": false,
        "wishlist": true
    },
    {
        "id": 16,
        "name": "Honey & Milk Face Lotion",
        "brand": "Curology",
        "image": "https://source.unsplash.com/ZIihTgf5uGg/320x320",
        "original_price": 249,
        "offer_price": null,
        "rating": null,
        "available": true,
        "bestseller": false,
        "sponsored": false,
        "wishlist": false
    },
    {
        "id": 17,
        "name": "Watermelon Juice",
        "brand": "Paperboat",
        "image": "https://source.unsplash.com/xW7L8MnnBdA/320x320",
        "original_price": 39,
        "offer_price": null,
        "rating": 4.8,
        "available": true,
        "bestseller": true,
        "sponsored": false,
        "wishlist": false
    },
    {
        "id": 18,
        "name": "Tulsi Premium Darjeeling Tea",
        "brand": "Tata",
        "image": "https://source.unsplash.com/Rc9M89QoS0s/320x320",
        "original_price": 475,
        "offer_price": null,
        "rating": null,
        "available": true,
        "bestseller": false,
        "sponsored": false,
        "wishlist": true
    },
    {
        "id": 19,
        "name": "Water Atomizer Spray Bottle",
        "brand": "Cello",
        "image": "https://source.unsplash.com/940wS2deo9k/320x320",
        "original_price": 150,
        "offer_price": null,
        "rating": null,
        "available": true,
        "bestseller": false,
        "sponsored": false,
        "wishlist": false
    },
    {
        "id": 20,
        "name": "Ginger Ale",
        "brand": "Canada Dry",
        "image": "https://source.unsplash.com/eSIlQfibAo8/320x320",
        "original_price": 199,
        "offer_price": null,
        "rating": 4.1,
        "available": true,
        "bestseller": false,
        "sponsored": false,
        "wishlist": false
    },
    {
        "id": 21,
        "name": "Face Moisturizer",
        "brand": "Curology",
        "image": "https://source.unsplash.com/DGH1u80sZik/320x320",
        "original_price": 269,
        "offer_price": null,
        "rating": null,
        "available": true,
        "bestseller": false,
        "sponsored": false,
        "wishlist": false
    },
    {
        "id": 22,
        "name": "Premium Swedish Vodka",
        "brand": "Oginski",
        "image": "https://source.unsplash.com/GFAxb0YD0LM/320x320",
        "original_price": 1350,
        "offer_price": null,
        "rating": null,
        "available": true,
        "bestseller": true,
        "sponsored": false,
        "wishlist": true
    },
    {
        "id": 23,
        "name": "Men's Leather Sneakers",
        "brand": "Bata",
        "image": "https://source.unsplash.com/Y0RB2z12F1A/320x320",
        "original_price": 3799,
        "offer_price": 3369,
        "rating": null,
        "available": true,
        "bestseller": false,
        "sponsored": false,
        "wishlist": false
    },
    {
        "id": 24,
        "name": "Casual Ladies Sandals",
        "brand": "Marks & Spencer",
        "image": "https://source.unsplash.com/DDqxX0-7vKE/320x320",
        "original_price": 1850,
        "offer_price": null,
        "rating": 3.7,
        "available": false,
        "bestseller": false,
        "sponsored": false,
        "wishlist": false
    },
    {
        "id": 25,
        "name": "Stackable Wooden Stool",
        "brand": "IKEA",
        "image": "https://source.unsplash.com/4kTbAMRAHtQ/320x320",
        "original_price": 999,
        "offer_price": null,
        "rating": 4.5,
        "available": true,
        "bestseller": false,
        "sponsored": true,
        "wishlist": true
    }
]