[
    {
        "date": "2022-01-01T09:05:00Z",
        "event": {
            "title": "Ut Id Posuere",
            "description": "Donec pulvinar vehicula lacus vel ornare. Phasellus pharetra pharetra leo."
        }
    },
    {
        "date": "2022-01-04T03:23:00Z",
        "event": {
            "title": "Pellentesque Vel Sem Ut Nunc",
            "description": "Pellentesque ac massa ut eros tristique vulputate eget imperdiet elit. Nullam pulvinar laoreet tortor ut."
        }
    },
    {
        "date": "2022-01-07T13:21:00Z",
        "event": {
            "title": "In Dolor Nisi",
            "description": "Aliquam turpis tortor, condimentum vitae tellus nec, varius ullamcorper lorem."
        }
    },
    {
        "date": "2022-01-11T22:55:00Z",
        "event": {
            "title": "Suspendisse Cursus At Est Sed",
            "description": "Donec vel porta velit. Cras molestie risus quis vestibulum tempor. Lorem ipsum dolor sit amet."
        }
    },
    {
        "date": "2022-01-12T12:45:00Z",
        "event": {
            "title": "Cras Volutpat Quam",
            "description": "Maecenas dui ante, feugiat vel ante sit amet, scelerisque convallis."
        }
    },
    {
        "date": "2022-01-15T14:15:00Z",
        "event": {
            "title": "Duis Massa Sapien Euismod Convallis",
            "description": "Ut sagittis magna eu erat suscipit, quis blandit enim ornare. Curabitur consequat, metus ut laoreet."
        }
    },
    {
        "date": "2022-01-28T05:45:00Z",
        "event": {
            "title": "Mauris Efficitur Nibh",
            "description": "Nullam feugiat pretium metus, vitae iaculis dolor. Maecenas varius ipsum."
        }
    },
    {
        "date": "2022-01-31T07:00:00Z",
        "event": {
            "title": "Vestibulum Ante Ipsum Primis In",
            "description": "Sed dapibus molestie arcu, eu posuere nunc pulvinar et. Aenean vehicula iaculis arcu ac finibus."
        }
    },
    {
        "date": "2022-02-05T08:30:00Z",
        "event": {
            "title": "Mauris Semper Diam",
            "description": "Vivamus ullamcorper mattis tincidunt. Maecenas tincidunt odio et elementum porttitor."
        }
    },
    {
        "date": "2022-02-08T14:15:00Z",
        "event": {
            "title": "Nunc Egestas Metus Eu Massa",
            "description": "Phasellus tellus nunc, lobortis ac eros vel, iaculis accumsan metus. Nam pellentesque sapien non laoreet."
        }
    },
    {
        "date": "2022-02-14T15:45:00Z",
        "event": {
            "title": "Sed Turpis Mi",
            "description": "Nullam ultricies semper leo, quis mattis diam mattis ac. Ut."
        }
    },
    {
        "date": "2022-02-23T22:00:00Z",
        "event": {
            "title": "Mauris Gravida Lectus Ac Suscipit",
            "description": "Suspendisse vehicula libero eget nibh elementum, at mollis sem molestie. Fusce sit amet tortor velit."
        }
    },
    {
        "date": "2022-07-13T23:15:00Z",
        "event": {
            "title": "Orci Varius Natoque",
            "description": "Donec rhoncus massa porttitor dignissim dictum. Vivamus dapibus orci nec."
        }
    },
    {
        "date": "2022-11-11T13:10:00Z",
        "event": {
            "title": "Sed Tellus Erat Pulvinar Eu",
            "description": "Nulla volutpat ipsum euismod ex varius consequat. Maecenas ut mollis mauris. Curabitur velit dui, sollicitudin."
        }
    },
    {
        "date": "2022-11-19T18:30:00Z",
        "event": {
            "title": "Nullam Euismod Risus",
            "description": "Aenean sed quam faucibus, volutpat justo sit amet, tempus turpis."
        }
    },
    {
        "date": "2022-12-22T19:25:00Z",
        "event": {
            "title": "Ut Porttitor Odio Sit Amet",
            "description": "Suspendisse id ornare sapien. Pellentesque pharetra posuere elit sit amet aliquam. Vivamus vel arcu ut."
        }
    },
    {
        "date": "2022-12-31T23:15:00Z",
        "event": {
            "title": "Nulla Tortor Massa",
            "description": "Morbi pellentesque condimentum auctor. Vivamus commodo, ante ac luctus pretium."
        }
    },
    {
        "date": "2021-03-01T05:48:00Z",
        "event": {
            "title": "Pellentesque Consectetur Purus In Aliquam",
            "description": "Vestibulum mattis, felis scelerisque porta consectetur, nisl sapien pharetra purus, sit amet euismod nibh nunc."
        }
    },
    {
        "date": "2021-03-04T01:00:00Z",
        "event": {
            "title": "Donec Pulvinar Faucibus",
            "description": "Praesent neque enim, aliquam nec sem vitae, ultricies ultricies velit."
        }
    },
    {
        "date": "2021-03-07T03:35:00Z",
        "event": {
            "title": "Curabitur At Sem A Augue",
            "description": "Aliquam sagittis velit id vestibulum lobortis. Phasellus eu tortor viverra sapien fermentum porta. Quisque ornare."
        }
    },
    {
        "date": "2021-03-11T10:10:00Z",
        "event": {
            "title": "Mauris A Euismod",
            "description": "Nulla dictum erat in dui tristique, id dapibus eros bibendum."
        }
    },
    {
        "date": "2021-03-12T11:30:00Z",
        "event": {
            "title": "Vestibulum Mattis Tortor Sed Eros",
            "description": "Aliquam finibus elit in orci interdum, a gravida sem cursus. Integer ipsum dui, volutpat nec."
        }
    },
    {
        "date": "2021-03-15T11:22:00Z",
        "event": {
            "title": "Vestibulum Suscipit Ligula",
            "description": "Morbi auctor tincidunt malesuada. Praesent a odio dignissim, vulputate tortor."
        }
    },
    {
        "date": "2021-03-28T00:00:00Z",
        "event": {
            "title": "Aliquam Justo Justo Maximus Aauctor",
            "description": "Duis facilisis porta dolor, vel consequat nulla finibus a. Phasellus id lobortis libero, fermentum efficitur."
        }
    },
    {
        "date": "2021-03-23T00:00:00Z",
        "event": {
            "title": "Aenean Blandit Urna",
            "description": "Vivamus hendrerit augue cursus, hendrerit ante id, placerat nisi. Vivamus."
        }
    },
    {
        "date": "2021-08-05T00:15:00Z",
        "event": {
            "title": "Cras Nec Vulputate Ex Donec",
            "description": "Nunc nulla turpis, tempor eget enim sed, viverra tempor enim. Sed iaculis dapibus metus, et."
        }
    },
    {
        "date": "2021-08-08T04:40:00Z",
        "event": {
            "title": "Nullam At Faucibus",
            "description": "Proin vulputate tincidunt sagittis. Proin eget lectus hendrerit, facilisis sapien."
        }
    },
    {
        "date": "2021-08-14T13:27:00Z",
        "event": {
            "title": "Aenean Nec Dignissim Diam Sed",
            "description": "Nam sollicitudin, felis et porta lobortis, mi massa commodo lectus, in interdum purus velit et."
        }
    },
    {
        "date": "2021-08-23T12:42:00Z",
        "event": {
            "title": "Curabitur Imperdiet Ante",
            "description": "Duis maximus turpis in nibh efficitur, nec sagittis velit auctor."
        }
    },
    {
        "date": "2021-07-13T19:23:00Z",
        "event": {
            "title": "Class Aptent Taciti Sociosqu Ad",
            "description": "Fusce eget urna auctor, tincidunt magna at, feugiat eros. Pellentesque turpis turpis, gravida consequat lectus."
        }
    },
    {
        "date": "2021-11-11T17:57:00Z",
        "event": {
            "title": "Vivamus Ut Lectus",
            "description": "Fusce in varius lacus. Proin faucibus luctus neque, sit amet."
        }
    },
    {
        "date": "2021-11-19T13:26:00Z",
        "event": {
            "title": "Vestibulum Posuere Diam Nec Porttitor",
            "description": "Etiam aliquam pellentesque urna, et accumsan mi scelerisque sed. Fusce tincidunt enim quis faucibus eleifend."
        }
    },
    {
        "date": "2021-12-22T22:44:00Z",
        "event": {
            "title": "Integer Ultricies Eget",
            "description": "In imperdiet erat eget nisl mollis dignissim. Vivamus ac ultrices."
        }
    },
    {
        "date": "2021-12-23T08:15:00Z",
        "event": {
            "title": "Nunc Quis Aliquam Est Mattis",
            "description": "Etiam tortor lacus, fringilla sed ultrices congue, consectetur a nisi. Mauris non tincidunt velit. Vestibulum."
        }
    },
    {
        "date": "2021-03-01T17:35:00Z",
        "event": {
            "title": "Maecenas Tortor Quam",
            "description": "Nam eleifend ultrices ex, non aliquet lectus. Curabitur risus dolor."
        }
    }
]