{
    "balance": 1000,
    "transactions": [
        {
            "id": 25,
            "date": "2022-10-30T20:35:00",
            "amount": 50.63,
            "type": "payment",
            "status": "pending",
            "remarks": "Groceries"
        },
        {
            "id": 24,
            "date": "2022-10-29T21:54:00",
            "amount": 18.25,
            "type": "send",
            "status": "fail",
            "remarks": "Jerald Hyatt"
        },
        {
            "id": 23,
            "date": "2022-10-25T19:27:00",
            "amount": 3.43,
            "type": "receive",
            "status": "pending",
            "remarks": "Mavis Kozey"
        },
        {
            "id": 22,
            "date": "2022-10-25T17:42:00",
            "amount": 58.61,
            "type": "send",
            "status": "pending",
            "remarks": "Paxton Stokes"
        },
        {
            "id": 21,
            "date": "2022-10-24T11:46:00",
            "amount": 49.94,
            "type": "payment",
            "status": "success",
            "remarks": "Mobile Recharge"
        },
        {
            "id": 20,
            "date": "2022-10-22T08:01:00",
            "amount": 57.45,
            "type": "topup",
            "status": "success",
            "remarks": "Top Up"
        },
        {
            "id": 19,
            "date": "2022-10-19T07:32:00",
            "amount": 71.97,
            "type": "send",
            "status": "fail",
            "remarks": "Zackery Haag"
        },
        {
            "id": 18,
            "date": "2022-10-14T03:56:00",
            "amount": 41.96,
            "type": "topup",
            "status": "success",
            "remarks": "Top Up"
        },
        {
            "id": 17,
            "date": "2022-10-12T07:01:00",
            "amount": 60.09,
            "type": "receive",
            "status": "pending",
            "remarks": "Wyman Welch"
        },
        {
            "id": 16,
            "date": "2022-10-12T02:32:00",
            "amount": 87.93,
            "type": "receive",
            "status": "success",
            "remarks": "Selina Predovic"
        },
        {
            "id": 15,
            "date": "2022-10-11T10:35:00",
            "amount": 95.87,
            "type": "send",
            "status": "fail",
            "remarks": "Frida Greenholt"
        },
        {
            "id": 14,
            "date": "2022-10-11T01:17:00",
            "amount": 51.10,
            "type": "payment",
            "status": "success",
            "remarks": "Mobile Recharge"
        },
        {
            "id": 13,
            "date": "2022-10-09T13:12:00",
            "amount": 24.54,
            "type": "topup",
            "status": "pending",
            "remarks": "Top Up"
        },
        {
            "id": 12,
            "date": "2022-10-09T02:47:00",
            "amount": 80.53,
            "type": "payment",
            "status": "success",
            "remarks": "Mobile Recharge"
        },
        {
            "id": 11,
            "date": "2022-10-08T17:31:00",
            "amount": 81.04,
            "type": "payment",
            "status": "pending",
            "remarks": "Groceries"
        },
        {
            "id": 10,
            "date": "2022-10-01T15:35:00",
            "amount": 6.66,
            "type": "topup",
            "status": "pending",
            "remarks": "Top Up"
        },
        {
            "id": 9,
            "date": "2022-09-24T10:12:00",
            "amount": 70.27,
            "type": "payment",
            "status": "fail",
            "remarks": "Electricity"
        },
        {
            "id": 8,
            "date": "2022-09-03T14:28:00",
            "amount": 88.54,
            "type": "receive",
            "status": "success",
            "remarks": "Matilda Williamson"
        },
        {
            "id": 7,
            "date": "2022-09-02T11:58:00",
            "amount": 19.66,
            "type": "topup",
            "status": "success",
            "remarks": "Top Up"
        },
        {
            "id": 6,
            "date": "2022-08-30T01:30:00",
            "amount": 22.04,
            "type": "payment",
            "status": "fail",
            "remarks": "Mobile Recharge"
        },
        {
            "id": 5,
            "date": "2022-08-24T08:31:00",
            "amount": 26.36,
            "type": "receive",
            "status": "pending",
            "remarks": "Rachelle Frami"
        },
        {
            "id": 4,
            "date": "2022-08-24T04:18:00",
            "amount": 64.57,
            "type": "topup",
            "status": "fail",
            "remarks": "Top Up"
        },
        {
            "id": 3,
            "date": "2022-08-21T23:04:00",
            "amount": 61.44,
            "type": "receive",
            "status": "fail",
            "remarks": "Meggie McDermott"
        },
        {
            "id": 2,
            "date": "2022-08-21T00:32:00",
            "amount": 48.45,
            "type": "send",
            "status": "pending",
            "remarks": "Elnora Bechtelar"
        },
        {
            "id": 1,
            "date": "2022-08-15T14:06:00",
            "amount": 80.84,
            "type": "receive",
            "status": "fail",
            "remarks": "Letitia Homenick"
        }
    ]
}