{"v":"5.5.7","meta":{"g":"LottieFiles AE 0.1.20","a":"","k":"","d":"","tc":""},"fr":30,"ip":0,"op":90,"w":600,"h":600,"nm":"wreath","ddd":0,"assets":[{"id":"comp_0","layers":[{"ddd":0,"ind":1,"ty":4,"nm":"circle","td":1,"sr":1,"ks":{"o":{"a":0,"k":100,"ix":11},"r":{"a":0,"k":0,"ix":10},"p":{"a":0,"k":[60,60,0],"ix":2},"a":{"a":0,"k":[292.12,292.67,0],"ix":1},"s":{"a":1,"k":[{"i":{"x":[0.667,0.667,0.667],"y":[1,1,1]},"o":{"x":[0.333,0.333,0.333],"y":[0,0,0]},"t":9.412,"s":[0,0,100]},{"t":23,"s":[110,110,100]}],"ix":6}},"ao":0,"shapes":[{"ty":"gr","it":[{"ind":0,"ty":"sh","ix":1,"ks":{"a":1,"k":[{"i":{"x":0.833,"y":0.833},"o":{"x":0.167,"y":0.167},"t":0,"s":[{"i":[[-27.614,0],[0,-27.614],[27.614,0],[0,27.614]],"o":[[27.614,0],[0,27.614],[-27.614,0],[0,-27.614]],"v":[[0,-50],[50,0],[0,50],[-50,0]],"c":true}]},{"t":10,"s":[{"i":[[-27.614,0],[0,-27.614],[27.614,0],[0,27.614]],"o":[[27.614,0],[0,27.614],[-27.614,0],[0,-27.614]],"v":[[0,-50],[50,0],[0,50],[-50,0]],"c":true}]}],"ix":2},"nm":"Path 1","mn":"ADBE Vector Shape - Group","hd":false},{"ty":"fl","c":{"a":0,"k":[1,0.866999966491,0.6,1],"ix":4},"o":{"a":0,"k":100,"ix":5},"r":1,"bm":0,"nm":"Fill 1","mn":"ADBE Vector Graphic - Fill","hd":false},{"ty":"tr","p":{"a":0,"k":[292.12,291.67],"ix":2},"a":{"a":0,"k":[0,0],"ix":1},"s":{"a":0,"k":[100,100],"ix":3},"r":{"a":0,"k":0,"ix":6},"o":{"a":0,"k":100,"ix":7},"sk":{"a":0,"k":0,"ix":4},"sa":{"a":0,"k":0,"ix":5},"nm":"Transform"}],"nm":"circle","np":2,"cix":2,"bm":0,"ix":1,"mn":"ADBE Vector Group","hd":false}],"ip":0,"op":210,"st":0,"bm":0},{"ddd":0,"ind":2,"ty":4,"nm":"spark","tt":2,"sr":1,"ks":{"o":{"a":0,"k":100,"ix":11},"r":{"a":0,"k":0,"ix":10},"p":{"a":0,"k":[60,60,0],"ix":2},"a":{"a":0,"k":[292.12,292.67,0],"ix":1},"s":{"a":1,"k":[{"i":{"x":[0.667,0.667,0.667],"y":[1,1,1]},"o":{"x":[0.333,0.333,0.333],"y":[0,0,0]},"t":0,"s":[0,0,100]},{"t":10.587890625,"s":[100,100,100]}],"ix":6}},"ao":0,"shapes":[{"ty":"gr","it":[{"ind":0,"ty":"sh","ix":1,"ks":{"a":1,"k":[{"i":{"x":0.667,"y":1},"o":{"x":0.333,"y":0},"t":5.883,"s":[{"i":[[0,0],[0,0],[0,0],[0,0],[0,0],[0,0],[0,0],[0,0]],"o":[[0,0],[0,0],[0,0],[0,0],[0,0],[0,0],[0,0],[0,0]],"v":[[0,-50],[8.677,-8.678],[50,0],[8.677,8.677],[0,50],[-8.678,8.677],[-50,0],[-8.678,-8.678]],"c":true}]},{"t":17,"s":[{"i":[[-13.807,0],[-9.048,-9.048],[0,-13.807],[9.048,-9.048],[13.807,0],[9.048,9.048],[0,13.807],[-9.048,9.048]],"o":[[13.807,0],[9.048,9.048],[0,13.807],[-9.048,9.048],[-13.807,0],[-9.048,-9.048],[0,-13.807],[9.048,-9.048]],"v":[[0,-51],[35.355,-36.355],[50,-1],[35.355,34.355],[0,49],[-35.355,34.355],[-50,-1],[-35.355,-36.355]],"c":true}]}],"ix":2},"nm":"Path 1","mn":"ADBE Vector Shape - Group","hd":false},{"ty":"fl","c":{"a":0,"k":[1,0.866999966491,0.6,1],"ix":4},"o":{"a":0,"k":100,"ix":5},"r":1,"bm":0,"nm":"Fill 1","mn":"ADBE Vector Graphic - Fill","hd":false},{"ty":"tr","p":{"a":0,"k":[292.12,292.67],"ix":2},"a":{"a":0,"k":[0,0],"ix":1},"s":{"a":0,"k":[100,100],"ix":3},"r":{"a":0,"k":0,"ix":6},"o":{"a":0,"k":100,"ix":7},"sk":{"a":0,"k":0,"ix":4},"sa":{"a":0,"k":0,"ix":5},"nm":"Transform"}],"nm":"star","np":2,"cix":2,"bm":0,"ix":1,"mn":"ADBE Vector Group","hd":false}],"ip":0,"op":210,"st":0,"bm":0}]}],"layers":[{"ddd":0,"ind":1,"ty":4,"nm":"bow","parent":22,"sr":1,"ks":{"o":{"a":0,"k":100,"ix":11},"r":{"a":1,"k":[{"i":{"x":[0.833],"y":[1]},"o":{"x":[0.3],"y":[0.648]},"t":0,"s":[-4.818]},{"i":{"x":[0.159],"y":[1]},"o":{"x":[0.333],"y":[0]},"t":8,"s":[-5]},{"i":{"x":[0.254],"y":[0.862]},"o":{"x":[0.418],"y":[0]},"t":53,"s":[5]},{"i":{"x":[0.632],"y":[1]},"o":{"x":[0.3],"y":[0.648]},"t":90,"s":[-4.818]},{"t":98,"s":[-5]}],"ix":10},"p":{"a":0,"k":[289.547,453.275,0],"ix":2},"a":{"a":0,"k":[289.547,467.275,0],"ix":1},"s":{"a":0,"k":[100,100,100],"ix":6}},"ao":0,"shapes":[{"ty":"gr","it":[{"ind":0,"ty":"sh","ix":1,"ks":{"a":0,"k":{"i":[[10.677,0],[0,0],[0,10.677],[-10.677,0],[0,0],[0,-10.677]],"o":[[0,0],[-10.677,0],[0,-10.677],[0,0],[10.677,0],[0,10.677]],"v":[[29.669,19.332],[-29.67,19.332],[-49.002,0],[-29.67,-19.332],[29.669,-19.332],[49.001,0]],"c":true},"ix":2},"nm":"Path 1","mn":"ADBE Vector Shape - Group","hd":false},{"ty":"fl","c":{"a":0,"k":[0.925,0.368999974868,0.2,1],"ix":4},"o":{"a":0,"k":100,"ix":5},"r":1,"bm":0,"nm":"Fill 1","mn":"ADBE Vector Graphic - Fill","hd":false},{"ty":"tr","p":{"a":0,"k":[287.418,454.624],"ix":2},"a":{"a":0,"k":[0,0],"ix":1},"s":{"a":0,"k":[100,100],"ix":3},"r":{"a":0,"k":0,"ix":6},"o":{"a":0,"k":100,"ix":7},"sk":{"a":0,"k":0,"ix":4},"sa":{"a":0,"k":0,"ix":5},"nm":"Transform"}],"nm":"Group 22","np":2,"cix":2,"bm":0,"ix":1,"mn":"ADBE Vector Group","hd":false},{"ty":"gr","it":[{"ind":0,"ty":"sh","ix":1,"ks":{"a":0,"k":{"i":[[17.664,0],[0,0],[0,17.664],[-17.664,0],[0,0],[0,-17.664]],"o":[[0,0],[-17.664,0],[0,-17.664],[0,0],[17.664,0],[0,17.664]],"v":[[28.37,31.983],[-28.369,31.983],[-60.353,0.001],[-28.369,-31.983],[28.37,-31.983],[60.353,0.001]],"c":true},"ix":2},"nm":"Path 1","mn":"ADBE Vector Shape - Group","hd":false},{"ty":"fl","c":{"a":0,"k":[0.859000052658,0.275,0.136999990426,1],"ix":4},"o":{"a":0,"k":100,"ix":5},"r":1,"bm":0,"nm":"Fill 1","mn":"ADBE Vector Graphic - Fill","hd":false},{"ty":"tr","p":{"a":0,"k":[289.547,467.275],"ix":2},"a":{"a":0,"k":[0,0],"ix":1},"s":{"a":0,"k":[100,100],"ix":3},"r":{"a":0,"k":0,"ix":6},"o":{"a":0,"k":100,"ix":7},"sk":{"a":0,"k":0,"ix":4},"sa":{"a":0,"k":0,"ix":5},"nm":"Transform"}],"nm":"Group 23","np":2,"cix":2,"bm":0,"ix":2,"mn":"ADBE Vector Group","hd":false}],"ip":0,"op":210,"st":0,"bm":0},{"ddd":0,"ind":2,"ty":0,"nm":"spark Comp 1","parent":22,"refId":"comp_0","sr":1,"ks":{"o":{"a":0,"k":100,"ix":11},"r":{"a":0,"k":0,"ix":10},"p":{"a":0,"k":[63.12,349.67,0],"ix":2},"a":{"a":0,"k":[60,60,0],"ix":1},"s":{"a":0,"k":[90,90,100],"ix":6}},"ao":0,"w":120,"h":120,"ip":0,"op":18,"st":-9,"bm":0},{"ddd":0,"ind":3,"ty":0,"nm":"spark Comp 1","parent":22,"refId":"comp_0","sr":1,"ks":{"o":{"a":0,"k":100,"ix":11},"r":{"a":0,"k":0,"ix":10},"p":{"a":0,"k":[63.12,349.67,0],"ix":2},"a":{"a":0,"k":[60,60,0],"ix":1},"s":{"a":0,"k":[90,90,100],"ix":6}},"ao":0,"w":120,"h":120,"ip":81,"op":108,"st":81,"bm":0},{"ddd":0,"ind":4,"ty":0,"nm":"spark Comp 1","parent":22,"refId":"comp_0","sr":1,"ks":{"o":{"a":0,"k":100,"ix":11},"r":{"a":0,"k":0,"ix":10},"p":{"a":0,"k":[511.12,387.67,0],"ix":2},"a":{"a":0,"k":[60,60,0],"ix":1},"s":{"a":0,"k":[90,90,100],"ix":6}},"ao":0,"w":120,"h":120,"ip":0,"op":5,"st":-22,"bm":0},{"ddd":0,"ind":5,"ty":0,"nm":"spark Comp 1","parent":22,"refId":"comp_0","sr":1,"ks":{"o":{"a":0,"k":100,"ix":11},"r":{"a":0,"k":0,"ix":10},"p":{"a":0,"k":[511.12,387.67,0],"ix":2},"a":{"a":0,"k":[60,60,0],"ix":1},"s":{"a":0,"k":[90,90,100],"ix":6}},"ao":0,"w":120,"h":120,"ip":68,"op":95,"st":68,"bm":0},{"ddd":0,"ind":6,"ty":0,"nm":"spark Comp 1","parent":22,"refId":"comp_0","sr":1,"ks":{"o":{"a":0,"k":100,"ix":11},"r":{"a":0,"k":0,"ix":10},"p":{"a":0,"k":[445.12,127.67,0],"ix":2},"a":{"a":0,"k":[60,60,0],"ix":1},"s":{"a":0,"k":[90,90,100],"ix":6}},"ao":0,"w":120,"h":120,"ip":54,"op":81,"st":54,"bm":0},{"ddd":0,"ind":7,"ty":0,"nm":"spark Comp 1","parent":22,"refId":"comp_0","sr":1,"ks":{"o":{"a":0,"k":100,"ix":11},"r":{"a":0,"k":0,"ix":10},"p":{"a":0,"k":[135.12,169.67,0],"ix":2},"a":{"a":0,"k":[60,60,0],"ix":1},"s":{"a":0,"k":[90,90,100],"ix":6}},"ao":0,"w":120,"h":120,"ip":41,"op":68,"st":41,"bm":0},{"ddd":0,"ind":8,"ty":0,"nm":"spark Comp 1","parent":22,"refId":"comp_0","sr":1,"ks":{"o":{"a":0,"k":100,"ix":11},"r":{"a":0,"k":0,"ix":10},"p":{"a":0,"k":[63.12,349.67,0],"ix":2},"a":{"a":0,"k":[60,60,0],"ix":1},"s":{"a":0,"k":[90,90,100],"ix":6}},"ao":0,"w":120,"h":120,"ip":27,"op":54,"st":27,"bm":0},{"ddd":0,"ind":9,"ty":0,"nm":"spark Comp 1","parent":22,"refId":"comp_0","sr":1,"ks":{"o":{"a":0,"k":100,"ix":11},"r":{"a":0,"k":0,"ix":10},"p":{"a":0,"k":[511.12,387.67,0],"ix":2},"a":{"a":0,"k":[60,60,0],"ix":1},"s":{"a":0,"k":[90,90,100],"ix":6}},"ao":0,"w":120,"h":120,"ip":14,"op":41,"st":14,"bm":0},{"ddd":0,"ind":10,"ty":0,"nm":"spark Comp 1","parent":22,"refId":"comp_0","sr":1,"ks":{"o":{"a":0,"k":100,"ix":11},"r":{"a":0,"k":0,"ix":10},"p":{"a":0,"k":[445.12,127.67,0],"ix":2},"a":{"a":0,"k":[60,60,0],"ix":1},"s":{"a":0,"k":[90,90,100],"ix":6}},"ao":0,"w":120,"h":120,"ip":0,"op":27,"st":0,"bm":0},{"ddd":0,"ind":11,"ty":4,"nm":"bow r top","parent":1,"sr":1,"ks":{"o":{"a":0,"k":100,"ix":11},"r":{"a":1,"k":[{"i":{"x":[0.833],"y":[1]},"o":{"x":[0.256],"y":[0.619]},"t":0,"s":[-4.08]},{"i":{"x":[0.159],"y":[1]},"o":{"x":[0.333],"y":[0]},"t":16,"s":[-5]},{"i":{"x":[0.386],"y":[0.728]},"o":{"x":[0.475],"y":[0]},"t":61,"s":[5]},{"i":{"x":[0.58],"y":[1]},"o":{"x":[0.256],"y":[0.619]},"t":90,"s":[-4.08]},{"t":106,"s":[-5]}],"ix":10},"p":{"a":0,"k":[289.547,467.275,0],"ix":2},"a":{"a":0,"k":[289.547,467.275,0],"ix":1},"s":{"a":0,"k":[100,100,100],"ix":6}},"ao":0,"shapes":[{"ty":"gr","it":[{"ind":0,"ty":"sh","ix":1,"ks":{"a":0,"k":{"i":[[0,0],[0,0]],"o":[[0,0],[0,0]],"v":[[24.974,-7.298],[-24.974,7.297]],"c":false},"ix":2},"nm":"Path 1","mn":"ADBE Vector Shape - Group","hd":false},{"ty":"st","c":{"a":0,"k":[0.859000052658,0.275,0.136999990426,1],"ix":3},"o":{"a":0,"k":100,"ix":4},"w":{"a":0,"k":12,"ix":5},"lc":2,"lj":2,"bm":0,"nm":"Stroke 1","mn":"ADBE Vector Graphic - Stroke","hd":false},{"ty":"tr","p":{"a":0,"k":[346.396,456.013],"ix":2},"a":{"a":0,"k":[0,0],"ix":1},"s":{"a":0,"k":[100,100],"ix":3},"r":{"a":0,"k":0,"ix":6},"o":{"a":0,"k":100,"ix":7},"sk":{"a":0,"k":0,"ix":4},"sa":{"a":0,"k":0,"ix":5},"nm":"Transform"}],"nm":"Group 27","np":2,"cix":2,"bm":0,"ix":1,"mn":"ADBE Vector Group","hd":false},{"ty":"gr","it":[{"ind":0,"ty":"sh","ix":1,"ks":{"a":0,"k":{"i":[[0,0],[0,0]],"o":[[0,0],[0,0]],"v":[[-11.523,23.326],[11.523,-23.327]],"c":false},"ix":2},"nm":"Path 1","mn":"ADBE Vector Shape - Group","hd":false},{"ty":"st","c":{"a":0,"k":[0.859000052658,0.275,0.136999990426,1],"ix":3},"o":{"a":0,"k":100,"ix":4},"w":{"a":0,"k":12,"ix":5},"lc":2,"lj":2,"bm":0,"nm":"Stroke 1","mn":"ADBE Vector Graphic - Stroke","hd":false},{"ty":"tr","p":{"a":0,"k":[328.294,434.439],"ix":2},"a":{"a":0,"k":[0,0],"ix":1},"s":{"a":0,"k":[100,100],"ix":3},"r":{"a":0,"k":0,"ix":6},"o":{"a":0,"k":100,"ix":7},"sk":{"a":0,"k":0,"ix":4},"sa":{"a":0,"k":0,"ix":5},"nm":"Transform"}],"nm":"Group 28","np":2,"cix":2,"bm":0,"ix":2,"mn":"ADBE Vector Group","hd":false},{"ty":"gr","it":[{"ind":0,"ty":"sh","ix":1,"ks":{"a":0,"k":{"i":[[0,0],[0,0],[0,0],[-10.24,-12.203],[0,0],[14.687,-6.171]],"o":[[0,0],[0,0],[8.628,-13.392],[0,0],[10.24,12.203],[0,0]],"v":[[-32.003,63.389],[-65.053,24.002],[-29.496,-48.791],[8.503,-51.185],[54.814,4.007],[45.858,41.013]],"c":true},"ix":2},"nm":"Path 1","mn":"ADBE Vector Shape - Group","hd":false},{"ty":"fl","c":{"a":0,"k":[0.925,0.368999974868,0.2,1],"ix":4},"o":{"a":0,"k":100,"ix":5},"r":1,"bm":0,"nm":"Fill 1","mn":"ADBE Vector Graphic - Fill","hd":false},{"ty":"tr","p":{"a":0,"k":[366.857,418.976],"ix":2},"a":{"a":0,"k":[0,0],"ix":1},"s":{"a":0,"k":[100,100],"ix":3},"r":{"a":0,"k":0,"ix":6},"o":{"a":0,"k":100,"ix":7},"sk":{"a":0,"k":0,"ix":4},"sa":{"a":0,"k":0,"ix":5},"nm":"Transform"}],"nm":"Group 29","np":2,"cix":2,"bm":0,"ix":3,"mn":"ADBE Vector Group","hd":false}],"ip":0,"op":210,"st":0,"bm":0},{"ddd":0,"ind":12,"ty":4,"nm":"bow l top","parent":1,"sr":1,"ks":{"o":{"a":0,"k":100,"ix":11},"r":{"a":1,"k":[{"i":{"x":[0.833],"y":[1]},"o":{"x":[0.257],"y":[0.62]},"t":0,"s":[-4.114]},{"i":{"x":[0.159],"y":[1]},"o":{"x":[0.333],"y":[0]},"t":16,"s":[-5]},{"i":{"x":[0.369],"y":[0.732]},"o":{"x":[0.477],"y":[0]},"t":61,"s":[5]},{"i":{"x":[0.581],"y":[1]},"o":{"x":[0.257],"y":[0.62]},"t":90,"s":[-4.114]},{"t":106,"s":[-5]}],"ix":10},"p":{"a":0,"k":[289.547,467.275,0],"ix":2},"a":{"a":0,"k":[289.547,467.275,0],"ix":1},"s":{"a":0,"k":[100,100,100],"ix":6}},"ao":0,"shapes":[{"ty":"gr","it":[{"ind":0,"ty":"sh","ix":1,"ks":{"a":0,"k":{"i":[[0,0],[0,0]],"o":[[0,0],[0,0]],"v":[[-24.973,-7.298],[24.973,7.297]],"c":false},"ix":2},"nm":"Path 1","mn":"ADBE Vector Shape - Group","hd":false},{"ty":"st","c":{"a":0,"k":[0.859000052658,0.275,0.136999990426,1],"ix":3},"o":{"a":0,"k":100,"ix":4},"w":{"a":0,"k":12,"ix":5},"lc":2,"lj":2,"bm":0,"nm":"Stroke 1","mn":"ADBE Vector Graphic - Stroke","hd":false},{"ty":"tr","p":{"a":0,"k":[235.91,456.013],"ix":2},"a":{"a":0,"k":[0,0],"ix":1},"s":{"a":0,"k":[100,100],"ix":3},"r":{"a":0,"k":0,"ix":6},"o":{"a":0,"k":100,"ix":7},"sk":{"a":0,"k":0,"ix":4},"sa":{"a":0,"k":0,"ix":5},"nm":"Transform"}],"nm":"Group 24","np":2,"cix":2,"bm":0,"ix":1,"mn":"ADBE Vector Group","hd":false},{"ty":"gr","it":[{"ind":0,"ty":"sh","ix":1,"ks":{"a":0,"k":{"i":[[0,0],[0,0]],"o":[[0,0],[0,0]],"v":[[11.523,23.326],[-11.523,-23.327]],"c":false},"ix":2},"nm":"Path 1","mn":"ADBE Vector Shape - Group","hd":false},{"ty":"st","c":{"a":0,"k":[0.859000052658,0.275,0.136999990426,1],"ix":3},"o":{"a":0,"k":100,"ix":4},"w":{"a":0,"k":12,"ix":5},"lc":2,"lj":2,"bm":0,"nm":"Stroke 1","mn":"ADBE Vector Graphic - Stroke","hd":false},{"ty":"tr","p":{"a":0,"k":[254.013,434.439],"ix":2},"a":{"a":0,"k":[0,0],"ix":1},"s":{"a":0,"k":[100,100],"ix":3},"r":{"a":0,"k":0,"ix":6},"o":{"a":0,"k":100,"ix":7},"sk":{"a":0,"k":0,"ix":4},"sa":{"a":0,"k":0,"ix":5},"nm":"Transform"}],"nm":"Group 25","np":2,"cix":2,"bm":0,"ix":2,"mn":"ADBE Vector Group","hd":false},{"ty":"gr","it":[{"ind":0,"ty":"sh","ix":1,"ks":{"a":0,"k":{"i":[[0,0],[0,0],[0,0],[10.24,-12.203],[0,0],[-14.687,-6.171]],"o":[[0,0],[0,0],[-8.628,-13.392],[0,0],[-10.24,12.203],[0,0]],"v":[[32.004,63.389],[65.053,24.002],[29.497,-48.791],[-8.503,-51.185],[-54.813,4.007],[-45.857,41.013]],"c":true},"ix":2},"nm":"Path 1","mn":"ADBE Vector Shape - Group","hd":false},{"ty":"fl","c":{"a":0,"k":[0.925,0.368999974868,0.2,1],"ix":4},"o":{"a":0,"k":100,"ix":5},"r":1,"bm":0,"nm":"Fill 1","mn":"ADBE Vector Graphic - Fill","hd":false},{"ty":"tr","p":{"a":0,"k":[215.45,418.976],"ix":2},"a":{"a":0,"k":[0,0],"ix":1},"s":{"a":0,"k":[100,100],"ix":3},"r":{"a":0,"k":0,"ix":6},"o":{"a":0,"k":100,"ix":7},"sk":{"a":0,"k":0,"ix":4},"sa":{"a":0,"k":0,"ix":5},"nm":"Transform"}],"nm":"Group 26","np":2,"cix":2,"bm":0,"ix":3,"mn":"ADBE Vector Group","hd":false}],"ip":0,"op":210,"st":0,"bm":0},{"ddd":0,"ind":13,"ty":4,"nm":"bow r bot","parent":1,"sr":1,"ks":{"o":{"a":0,"k":100,"ix":11},"r":{"a":1,"k":[{"i":{"x":[0.833],"y":[1]},"o":{"x":[0.198],"y":[0.58]},"t":0,"s":[-5.471]},{"i":{"x":[0.159],"y":[1]},"o":{"x":[0.333],"y":[0]},"t":24,"s":[-10]},{"i":{"x":[0.492],"y":[0.619]},"o":{"x":[0.576],"y":[0]},"t":69,"s":[10]},{"i":{"x":[0.499],"y":[1]},"o":{"x":[0.198],"y":[0.58]},"t":90,"s":[-5.471]},{"t":114,"s":[-10]}],"ix":10},"p":{"a":0,"k":[289.547,467.275,0],"ix":2},"a":{"a":0,"k":[289.547,467.275,0],"ix":1},"s":{"a":0,"k":[100,100,100],"ix":6}},"ao":0,"shapes":[{"ty":"gr","it":[{"ind":0,"ty":"sh","ix":1,"ks":{"a":0,"k":{"i":[[7.397,-7.397],[-14.863,-14.863],[0,0],[-0.172,3.869],[0,0],[-2.329,0.137],[0,0],[2.74,2.74],[0,0],[9.76,0.034]],"o":[[-14.863,14.863],[0,0],[2.74,2.739],[0,0],[0.137,-2.329],[0,0],[3.87,-0.171],[0,0],[-7.431,-7.431],[-9.726,0]],"v":[[-60.401,-62.285],[-60.401,-8.45],[18.724,70.676],[26.327,67.731],[27.902,30.334],[32.184,26.053],[69.579,24.478],[72.525,16.875],[-6.602,-62.251],[-33.518,-73.415]],"c":true},"ix":2},"nm":"Path 1","mn":"ADBE Vector Shape - Group","hd":false},{"ty":"fl","c":{"a":0,"k":[0.925,0.368999974868,0.2,1],"ix":4},"o":{"a":0,"k":100,"ix":5},"r":1,"bm":0,"nm":"Fill 1","mn":"ADBE Vector Graphic - Fill","hd":false},{"ty":"tr","p":{"a":0,"k":[356.612,520.384],"ix":2},"a":{"a":0,"k":[0,0],"ix":1},"s":{"a":0,"k":[100,100],"ix":3},"r":{"a":0,"k":0,"ix":6},"o":{"a":0,"k":100,"ix":7},"sk":{"a":0,"k":0,"ix":4},"sa":{"a":0,"k":0,"ix":5},"nm":"Transform"}],"nm":"Group 31","np":2,"cix":2,"bm":0,"ix":1,"mn":"ADBE Vector Group","hd":false}],"ip":0,"op":210,"st":0,"bm":0},{"ddd":0,"ind":14,"ty":4,"nm":"bow l bot","parent":1,"sr":1,"ks":{"o":{"a":0,"k":100,"ix":11},"r":{"a":1,"k":[{"i":{"x":[0.833],"y":[1]},"o":{"x":[0.198],"y":[0.565]},"t":0,"s":[-4.384]},{"i":{"x":[0.159],"y":[1]},"o":{"x":[0.167],"y":[0]},"t":24,"s":[-10]},{"i":{"x":[0.579],"y":[0.589]},"o":{"x":[0.538],"y":[0]},"t":69,"s":[10]},{"i":{"x":[0.492],"y":[1]},"o":{"x":[0.198],"y":[0.565]},"t":90,"s":[-4.384]},{"t":114,"s":[-10]}],"ix":10},"p":{"a":0,"k":[289.547,467.275,0],"ix":2},"a":{"a":0,"k":[289.547,467.275,0],"ix":1},"s":{"a":0,"k":[100,100,100],"ix":6}},"ao":0,"shapes":[{"ty":"gr","it":[{"ind":0,"ty":"sh","ix":1,"ks":{"a":0,"k":{"i":[[-7.397,-7.397],[14.863,-14.863],[0,0],[0.172,3.869],[0,0],[2.329,0.137],[0,0],[-2.74,2.74],[0,0],[-9.76,0.034]],"o":[[14.863,14.863],[0,0],[-2.74,2.739],[0,0],[-0.137,-2.329],[0,0],[-3.87,-0.171],[0,0],[7.431,-7.431],[9.726,0]],"v":[[60.402,-62.285],[60.402,-8.45],[-18.724,70.676],[-26.327,67.731],[-27.902,30.334],[-32.183,26.053],[-69.579,24.478],[-72.524,16.875],[6.602,-62.251],[33.518,-73.415]],"c":true},"ix":2},"nm":"Path 1","mn":"ADBE Vector Shape - Group","hd":false},{"ty":"fl","c":{"a":0,"k":[0.925,0.368999974868,0.2,1],"ix":4},"o":{"a":0,"k":100,"ix":5},"r":1,"bm":0,"nm":"Fill 1","mn":"ADBE Vector Graphic - Fill","hd":false},{"ty":"tr","p":{"a":0,"k":[227.628,520.384],"ix":2},"a":{"a":0,"k":[0,0],"ix":1},"s":{"a":0,"k":[100,100],"ix":3},"r":{"a":0,"k":0,"ix":6},"o":{"a":0,"k":100,"ix":7},"sk":{"a":0,"k":0,"ix":4},"sa":{"a":0,"k":0,"ix":5},"nm":"Transform"}],"nm":"Group 30","np":2,"cix":2,"bm":0,"ix":1,"mn":"ADBE Vector Group","hd":false}],"ip":0,"op":210,"st":0,"bm":0},{"ddd":0,"ind":15,"ty":4,"nm":"t7","parent":22,"sr":1,"ks":{"o":{"a":0,"k":100,"ix":11},"r":{"a":1,"k":[{"i":{"x":[0.174],"y":[1]},"o":{"x":[0.333],"y":[0]},"t":3,"s":[-10]},{"i":{"x":[0.655],"y":[1]},"o":{"x":[0.347],"y":[0]},"t":48,"s":[10]},{"t":93,"s":[-10]}],"ix":10},"p":{"a":0,"k":[197.12,72.717,0],"ix":2},"a":{"a":0,"k":[197.12,72.717,0],"ix":1},"s":{"a":0,"k":[100,100,100],"ix":6}},"ao":0,"shapes":[{"ty":"gr","it":[{"ind":0,"ty":"sh","ix":1,"ks":{"a":0,"k":{"i":[[2.118,2.784],[0,0],[-2.784,2.118],[0,0],[-2.118,-2.784],[2.784,-2.118],[0,0]],"o":[[0,0],[-2.118,-2.784],[0,0],[2.784,-2.118],[2.118,2.784],[0,0],[-2.784,2.117]],"v":[[-12.028,9.247],[-12.028,9.247],[-10.816,0.335],[3.116,-10.458],[12.028,-9.247],[10.816,-0.336],[-3.116,10.459]],"c":true},"ix":2},"nm":"Path 1","mn":"ADBE Vector Shape - Group","hd":false},{"ty":"fl","c":{"a":0,"k":[1,0.866999966491,0.6,1],"ix":4},"o":{"a":0,"k":100,"ix":5},"r":1,"bm":0,"nm":"Fill 1","mn":"ADBE Vector Graphic - Fill","hd":false},{"ty":"tr","p":{"a":0,"k":[180.618,95.406],"ix":2},"a":{"a":0,"k":[0,0],"ix":1},"s":{"a":0,"k":[100,100],"ix":3},"r":{"a":0,"k":0,"ix":6},"o":{"a":0,"k":100,"ix":7},"sk":{"a":0,"k":0,"ix":4},"sa":{"a":0,"k":0,"ix":5},"nm":"Transform"}],"nm":"7","np":2,"cix":2,"bm":0,"ix":1,"mn":"ADBE Vector Group","hd":false},{"ty":"gr","it":[{"ind":0,"ty":"sh","ix":1,"ks":{"a":0,"k":{"i":[[-5.821,4.401],[0,0],[-2.896,-2.19],[0,0],[5.821,-4.401],[0,0],[2.896,2.19],[0,0]],"o":[[0,0],[2.896,-2.19],[0,0],[5.821,4.401],[0,0],[-2.896,2.19],[0,0],[-5.821,-4.401]],"v":[[-29.409,-8.774],[-4.895,-27.311],[4.895,-27.311],[29.409,-8.774],[29.409,8.774],[4.895,27.311],[-4.895,27.311],[-29.409,8.774]],"c":true},"ix":2},"nm":"Path 1","mn":"ADBE Vector Shape - Group","hd":false},{"ty":"fl","c":{"a":0,"k":[0.976000019148,0.677999997606,0.243000000598,1],"ix":4},"o":{"a":0,"k":100,"ix":5},"r":1,"bm":0,"nm":"Fill 1","mn":"ADBE Vector Graphic - Fill","hd":false},{"ty":"tr","p":{"a":0,"k":[197.12,101.67],"ix":2},"a":{"a":0,"k":[0,0],"ix":1},"s":{"a":0,"k":[100,100],"ix":3},"r":{"a":0,"k":0,"ix":6},"o":{"a":0,"k":100,"ix":7},"sk":{"a":0,"k":0,"ix":4},"sa":{"a":0,"k":0,"ix":5},"nm":"Transform"}],"nm":"7","np":2,"cix":2,"bm":0,"ix":2,"mn":"ADBE Vector Group","hd":false}],"ip":0,"op":210,"st":0,"bm":0},{"ddd":0,"ind":16,"ty":4,"nm":"t6","parent":22,"sr":1,"ks":{"o":{"a":0,"k":100,"ix":11},"r":{"a":1,"k":[{"i":{"x":[0.174],"y":[1]},"o":{"x":[0.333],"y":[0]},"t":7,"s":[-10]},{"i":{"x":[0.638],"y":[1]},"o":{"x":[0.367],"y":[0]},"t":52,"s":[10]},{"t":97,"s":[-10]}],"ix":10},"p":{"a":0,"k":[77.12,216.67,0],"ix":2},"a":{"a":0,"k":[77.12,216.67,0],"ix":1},"s":{"a":0,"k":[100,100,100],"ix":6}},"ao":0,"shapes":[{"ty":"gr","it":[{"ind":0,"ty":"sh","ix":1,"ks":{"a":0,"k":{"i":[[0,-12.15],[12.15,0],[0,12.15],[-12.15,0]],"o":[[0,12.15],[-12.15,0],[0,-12.15],[12.15,0]],"v":[[22,0],[0,22],[-22,0],[0,-22]],"c":true},"ix":2},"nm":"Path 1","mn":"ADBE Vector Shape - Group","hd":false},{"ty":"fl","c":{"a":0,"k":[0.925,0.368999974868,0.2,1],"ix":4},"o":{"a":0,"k":100,"ix":5},"r":1,"bm":0,"nm":"Fill 1","mn":"ADBE Vector Graphic - Fill","hd":false},{"ty":"tr","p":{"a":0,"k":[70.12,242.67],"ix":2},"a":{"a":0,"k":[0,0],"ix":1},"s":{"a":0,"k":[100,100],"ix":3},"r":{"a":0,"k":0,"ix":6},"o":{"a":0,"k":100,"ix":7},"sk":{"a":0,"k":0,"ix":4},"sa":{"a":0,"k":0,"ix":5},"nm":"Transform"}],"nm":"6","np":2,"cix":2,"bm":0,"ix":1,"mn":"ADBE Vector Group","hd":false},{"ty":"gr","it":[{"ind":0,"ty":"sh","ix":1,"ks":{"a":0,"k":{"i":[[0,-17.121],[17.121,0],[0,17.121],[-17.121,0]],"o":[[0,17.121],[-17.121,0],[0,-17.121],[17.121,0]],"v":[[31,0],[0,31],[-31,0],[0,-31]],"c":true},"ix":2},"nm":"Path 1","mn":"ADBE Vector Shape - Group","hd":false},{"ty":"fl","c":{"a":0,"k":[0.859000052658,0.275,0.136999990426,1],"ix":4},"o":{"a":0,"k":100,"ix":5},"r":1,"bm":0,"nm":"Fill 1","mn":"ADBE Vector Graphic - Fill","hd":false},{"ty":"tr","p":{"a":0,"k":[77.12,247.67],"ix":2},"a":{"a":0,"k":[0,0],"ix":1},"s":{"a":0,"k":[100,100],"ix":3},"r":{"a":0,"k":0,"ix":6},"o":{"a":0,"k":100,"ix":7},"sk":{"a":0,"k":0,"ix":4},"sa":{"a":0,"k":0,"ix":5},"nm":"Transform"}],"nm":"6","np":2,"cix":2,"bm":0,"ix":2,"mn":"ADBE Vector Group","hd":false}],"ip":0,"op":210,"st":0,"bm":0},{"ddd":0,"ind":17,"ty":4,"nm":"t5","parent":22,"sr":1,"ks":{"o":{"a":0,"k":100,"ix":11},"r":{"a":1,"k":[{"i":{"x":[0.174],"y":[1]},"o":{"x":[0.333],"y":[0]},"t":3,"s":[-10]},{"i":{"x":[0.655],"y":[1]},"o":{"x":[0.347],"y":[0]},"t":48,"s":[10]},{"t":93,"s":[-10]}],"ix":10},"p":{"a":0,"k":[100.12,409.717,0],"ix":2},"a":{"a":0,"k":[100.12,409.717,0],"ix":1},"s":{"a":0,"k":[100,100,100],"ix":6}},"ao":0,"shapes":[{"ty":"gr","it":[{"ind":0,"ty":"sh","ix":1,"ks":{"a":0,"k":{"i":[[2.118,2.784],[0,0],[-2.784,2.118],[0,0],[-2.118,-2.784],[2.784,-2.118],[0,0]],"o":[[0,0],[-2.118,-2.784],[0,0],[2.784,-2.118],[2.118,2.784],[0,0],[-2.784,2.117]],"v":[[-12.028,9.247],[-12.028,9.247],[-10.816,0.336],[3.116,-10.458],[12.028,-9.247],[10.816,-0.336],[-3.116,10.459]],"c":true},"ix":2},"nm":"Path 1","mn":"ADBE Vector Shape - Group","hd":false},{"ty":"fl","c":{"a":0,"k":[1,0.866999966491,0.6,1],"ix":4},"o":{"a":0,"k":100,"ix":5},"r":1,"bm":0,"nm":"Fill 1","mn":"ADBE Vector Graphic - Fill","hd":false},{"ty":"tr","p":{"a":0,"k":[83.618,432.406],"ix":2},"a":{"a":0,"k":[0,0],"ix":1},"s":{"a":0,"k":[100,100],"ix":3},"r":{"a":0,"k":0,"ix":6},"o":{"a":0,"k":100,"ix":7},"sk":{"a":0,"k":0,"ix":4},"sa":{"a":0,"k":0,"ix":5},"nm":"Transform"}],"nm":"5","np":2,"cix":2,"bm":0,"ix":1,"mn":"ADBE Vector Group","hd":false},{"ty":"gr","it":[{"ind":0,"ty":"sh","ix":1,"ks":{"a":0,"k":{"i":[[-5.821,4.401],[0,0],[-2.896,-2.19],[0,0],[5.821,-4.401],[0,0],[2.896,2.19],[0,0]],"o":[[0,0],[2.896,-2.19],[0,0],[5.821,4.401],[0,0],[-2.896,2.19],[0,0],[-5.821,-4.401]],"v":[[-29.409,-8.773],[-4.895,-27.31],[4.895,-27.31],[29.409,-8.773],[29.409,8.774],[4.895,27.31],[-4.895,27.31],[-29.409,8.774]],"c":true},"ix":2},"nm":"Path 1","mn":"ADBE Vector Shape - Group","hd":false},{"ty":"fl","c":{"a":0,"k":[0.976000019148,0.677999997606,0.243000000598,1],"ix":4},"o":{"a":0,"k":100,"ix":5},"r":1,"bm":0,"nm":"Fill 1","mn":"ADBE Vector Graphic - Fill","hd":false},{"ty":"tr","p":{"a":0,"k":[100.12,438.67],"ix":2},"a":{"a":0,"k":[0,0],"ix":1},"s":{"a":0,"k":[100,100],"ix":3},"r":{"a":0,"k":0,"ix":6},"o":{"a":0,"k":100,"ix":7},"sk":{"a":0,"k":0,"ix":4},"sa":{"a":0,"k":0,"ix":5},"nm":"Transform"}],"nm":"5","np":2,"cix":2,"bm":0,"ix":2,"mn":"ADBE Vector Group","hd":false}],"ip":0,"op":210,"st":0,"bm":0},{"ddd":0,"ind":18,"ty":4,"nm":"t4","parent":22,"sr":1,"ks":{"o":{"a":0,"k":100,"ix":11},"r":{"a":1,"k":[{"i":{"x":[0.174],"y":[1]},"o":{"x":[0.333],"y":[0]},"t":0,"s":[-10]},{"i":{"x":[0.206],"y":[1]},"o":{"x":[0.333],"y":[0]},"t":45,"s":[10]},{"t":90,"s":[-10]}],"ix":10},"p":{"a":0,"k":[481.12,430.717,0],"ix":2},"a":{"a":0,"k":[481.12,430.717,0],"ix":1},"s":{"a":0,"k":[100,100,100],"ix":6}},"ao":0,"shapes":[{"ty":"gr","it":[{"ind":0,"ty":"sh","ix":1,"ks":{"a":0,"k":{"i":[[2.118,2.784],[0,0],[-2.784,2.118],[0,0],[-2.118,-2.784],[2.784,-2.118],[0,0]],"o":[[0,0],[-2.118,-2.784],[0,0],[2.784,-2.118],[2.118,2.784],[0,0],[-2.784,2.117]],"v":[[-12.028,9.247],[-12.028,9.247],[-10.816,0.336],[3.116,-10.458],[12.028,-9.247],[10.816,-0.336],[-3.116,10.459]],"c":true},"ix":2},"nm":"Path 1","mn":"ADBE Vector Shape - Group","hd":false},{"ty":"fl","c":{"a":0,"k":[1,0.866999966491,0.6,1],"ix":4},"o":{"a":0,"k":100,"ix":5},"r":1,"bm":0,"nm":"Fill 1","mn":"ADBE Vector Graphic - Fill","hd":false},{"ty":"tr","p":{"a":0,"k":[464.618,453.406],"ix":2},"a":{"a":0,"k":[0,0],"ix":1},"s":{"a":0,"k":[100,100],"ix":3},"r":{"a":0,"k":0,"ix":6},"o":{"a":0,"k":100,"ix":7},"sk":{"a":0,"k":0,"ix":4},"sa":{"a":0,"k":0,"ix":5},"nm":"Transform"}],"nm":"4","np":2,"cix":2,"bm":0,"ix":1,"mn":"ADBE Vector Group","hd":false},{"ty":"gr","it":[{"ind":0,"ty":"sh","ix":1,"ks":{"a":0,"k":{"i":[[-5.821,4.401],[0,0],[-2.896,-2.19],[0,0],[5.821,-4.401],[0,0],[2.896,2.19],[0,0]],"o":[[0,0],[2.896,-2.19],[0,0],[5.821,4.401],[0,0],[-2.896,2.19],[0,0],[-5.821,-4.401]],"v":[[-29.409,-8.773],[-4.895,-27.31],[4.895,-27.31],[29.409,-8.773],[29.409,8.774],[4.895,27.31],[-4.895,27.31],[-29.409,8.774]],"c":true},"ix":2},"nm":"Path 1","mn":"ADBE Vector Shape - Group","hd":false},{"ty":"fl","c":{"a":0,"k":[0.976000019148,0.677999997606,0.243000000598,1],"ix":4},"o":{"a":0,"k":100,"ix":5},"r":1,"bm":0,"nm":"Fill 1","mn":"ADBE Vector Graphic - Fill","hd":false},{"ty":"tr","p":{"a":0,"k":[481.12,459.67],"ix":2},"a":{"a":0,"k":[0,0],"ix":1},"s":{"a":0,"k":[100,100],"ix":3},"r":{"a":0,"k":0,"ix":6},"o":{"a":0,"k":100,"ix":7},"sk":{"a":0,"k":0,"ix":4},"sa":{"a":0,"k":0,"ix":5},"nm":"Transform"}],"nm":"4","np":2,"cix":2,"bm":0,"ix":2,"mn":"ADBE Vector Group","hd":false}],"ip":0,"op":210,"st":0,"bm":0},{"ddd":0,"ind":19,"ty":4,"nm":"t3","parent":22,"sr":1,"ks":{"o":{"a":0,"k":100,"ix":11},"r":{"a":1,"k":[{"i":{"x":[0.174],"y":[1]},"o":{"x":[0.333],"y":[0]},"t":6,"s":[-10]},{"i":{"x":[0.643],"y":[1]},"o":{"x":[0.362],"y":[0]},"t":51,"s":[10]},{"t":96,"s":[-10]}],"ix":10},"p":{"a":0,"k":[515.12,278.67,0],"ix":2},"a":{"a":0,"k":[515.12,278.67,0],"ix":1},"s":{"a":0,"k":[100,100,100],"ix":6}},"ao":0,"shapes":[{"ty":"gr","it":[{"ind":0,"ty":"sh","ix":1,"ks":{"a":0,"k":{"i":[[0,-12.15],[12.15,0],[0,12.15],[-12.15,0]],"o":[[0,12.15],[-12.15,0],[0,-12.15],[12.15,0]],"v":[[22,0],[0,22],[-22,0],[0,-22]],"c":true},"ix":2},"nm":"Path 1","mn":"ADBE Vector Shape - Group","hd":false},{"ty":"fl","c":{"a":0,"k":[0.925,0.368999974868,0.2,1],"ix":4},"o":{"a":0,"k":100,"ix":5},"r":1,"bm":0,"nm":"Fill 1","mn":"ADBE Vector Graphic - Fill","hd":false},{"ty":"tr","p":{"a":0,"k":[508.12,304.67],"ix":2},"a":{"a":0,"k":[0,0],"ix":1},"s":{"a":0,"k":[100,100],"ix":3},"r":{"a":0,"k":0,"ix":6},"o":{"a":0,"k":100,"ix":7},"sk":{"a":0,"k":0,"ix":4},"sa":{"a":0,"k":0,"ix":5},"nm":"Transform"}],"nm":"3","np":2,"cix":2,"bm":0,"ix":1,"mn":"ADBE Vector Group","hd":false},{"ty":"gr","it":[{"ind":0,"ty":"sh","ix":1,"ks":{"a":0,"k":{"i":[[0,-17.121],[17.121,0],[0,17.121],[-17.121,0]],"o":[[0,17.121],[-17.121,0],[0,-17.121],[17.121,0]],"v":[[31,0],[0,31],[-31,0],[0,-31]],"c":true},"ix":2},"nm":"Path 1","mn":"ADBE Vector Shape - Group","hd":false},{"ty":"fl","c":{"a":0,"k":[0.859000052658,0.275,0.136999990426,1],"ix":4},"o":{"a":0,"k":100,"ix":5},"r":1,"bm":0,"nm":"Fill 1","mn":"ADBE Vector Graphic - Fill","hd":false},{"ty":"tr","p":{"a":0,"k":[515.12,309.67],"ix":2},"a":{"a":0,"k":[0,0],"ix":1},"s":{"a":0,"k":[100,100],"ix":3},"r":{"a":0,"k":0,"ix":6},"o":{"a":0,"k":100,"ix":7},"sk":{"a":0,"k":0,"ix":4},"sa":{"a":0,"k":0,"ix":5},"nm":"Transform"}],"nm":"3","np":2,"cix":2,"bm":0,"ix":2,"mn":"ADBE Vector Group","hd":false}],"ip":0,"op":210,"st":0,"bm":0},{"ddd":0,"ind":20,"ty":4,"nm":"t2","parent":22,"sr":1,"ks":{"o":{"a":0,"k":100,"ix":11},"r":{"a":1,"k":[{"i":{"x":[0.174],"y":[1]},"o":{"x":[0.333],"y":[0]},"t":2,"s":[-10]},{"i":{"x":[0.206],"y":[1]},"o":{"x":[0.333],"y":[0]},"t":47,"s":[10]},{"t":92,"s":[-10]}],"ix":10},"p":{"a":0,"k":[481.12,165.717,0],"ix":2},"a":{"a":0,"k":[481.12,165.717,0],"ix":1},"s":{"a":0,"k":[100,100,100],"ix":6}},"ao":0,"shapes":[{"ty":"gr","it":[{"ind":0,"ty":"sh","ix":1,"ks":{"a":0,"k":{"i":[[2.118,2.784],[0,0],[-2.784,2.118],[0,0],[-2.118,-2.784],[2.784,-2.118],[0,0]],"o":[[0,0],[-2.118,-2.784],[0,0],[2.784,-2.118],[2.118,2.784],[0,0],[-2.784,2.117]],"v":[[-12.028,9.247],[-12.028,9.247],[-10.816,0.335],[3.116,-10.459],[12.028,-9.248],[10.816,-0.335],[-3.116,10.459]],"c":true},"ix":2},"nm":"Path 1","mn":"ADBE Vector Shape - Group","hd":false},{"ty":"fl","c":{"a":0,"k":[1,0.866999966491,0.6,1],"ix":4},"o":{"a":0,"k":100,"ix":5},"r":1,"bm":0,"nm":"Fill 1","mn":"ADBE Vector Graphic - Fill","hd":false},{"ty":"tr","p":{"a":0,"k":[464.618,188.406],"ix":2},"a":{"a":0,"k":[0,0],"ix":1},"s":{"a":0,"k":[100,100],"ix":3},"r":{"a":0,"k":0,"ix":6},"o":{"a":0,"k":100,"ix":7},"sk":{"a":0,"k":0,"ix":4},"sa":{"a":0,"k":0,"ix":5},"nm":"Transform"}],"nm":"2","np":2,"cix":2,"bm":0,"ix":1,"mn":"ADBE Vector Group","hd":false},{"ty":"gr","it":[{"ind":0,"ty":"sh","ix":1,"ks":{"a":0,"k":{"i":[[-5.821,4.401],[0,0],[-2.896,-2.19],[0,0],[5.821,-4.401],[0,0],[2.896,2.19],[0,0]],"o":[[0,0],[2.896,-2.19],[0,0],[5.821,4.401],[0,0],[-2.896,2.19],[0,0],[-5.821,-4.401]],"v":[[-29.409,-8.774],[-4.895,-27.311],[4.895,-27.311],[29.409,-8.774],[29.409,8.774],[4.895,27.311],[-4.895,27.311],[-29.409,8.774]],"c":true},"ix":2},"nm":"Path 1","mn":"ADBE Vector Shape - Group","hd":false},{"ty":"fl","c":{"a":0,"k":[0.976000019148,0.677999997606,0.243000000598,1],"ix":4},"o":{"a":0,"k":100,"ix":5},"r":1,"bm":0,"nm":"Fill 1","mn":"ADBE Vector Graphic - Fill","hd":false},{"ty":"tr","p":{"a":0,"k":[481.12,194.67],"ix":2},"a":{"a":0,"k":[0,0],"ix":1},"s":{"a":0,"k":[100,100],"ix":3},"r":{"a":0,"k":0,"ix":6},"o":{"a":0,"k":100,"ix":7},"sk":{"a":0,"k":0,"ix":4},"sa":{"a":0,"k":0,"ix":5},"nm":"Transform"}],"nm":"2","np":2,"cix":2,"bm":0,"ix":2,"mn":"ADBE Vector Group","hd":false}],"ip":0,"op":210,"st":0,"bm":0},{"ddd":0,"ind":21,"ty":4,"nm":"t1","parent":22,"sr":1,"ks":{"o":{"a":0,"k":100,"ix":11},"r":{"a":1,"k":[{"i":{"x":[0.174],"y":[1]},"o":{"x":[0.333],"y":[0]},"t":0,"s":[-10]},{"i":{"x":[0.206],"y":[1]},"o":{"x":[0.333],"y":[0]},"t":45,"s":[10]},{"t":90,"s":[-10]}],"ix":10},"p":{"a":0,"k":[355.12,60.67,0],"ix":2},"a":{"a":0,"k":[355.12,60.67,0],"ix":1},"s":{"a":0,"k":[100,100,100],"ix":6}},"ao":0,"shapes":[{"ty":"gr","it":[{"ind":0,"ty":"sh","ix":1,"ks":{"a":0,"k":{"i":[[0,-12.15],[12.15,0],[0,12.15],[-12.15,0]],"o":[[0,12.15],[-12.15,0],[0,-12.15],[12.15,0]],"v":[[22,0],[0,22],[-22,0],[0,-22]],"c":true},"ix":2},"nm":"Path 1","mn":"ADBE Vector Shape - Group","hd":false},{"ty":"fl","c":{"a":0,"k":[0.925,0.368999974868,0.2,1],"ix":4},"o":{"a":0,"k":100,"ix":5},"r":1,"bm":0,"nm":"Fill 1","mn":"ADBE Vector Graphic - Fill","hd":false},{"ty":"tr","p":{"a":0,"k":[348.12,86.67],"ix":2},"a":{"a":0,"k":[0,0],"ix":1},"s":{"a":0,"k":[100,100],"ix":3},"r":{"a":0,"k":0,"ix":6},"o":{"a":0,"k":100,"ix":7},"sk":{"a":0,"k":0,"ix":4},"sa":{"a":0,"k":0,"ix":5},"nm":"Transform"}],"nm":"1","np":2,"cix":2,"bm":0,"ix":1,"mn":"ADBE Vector Group","hd":false},{"ty":"gr","it":[{"ind":0,"ty":"sh","ix":1,"ks":{"a":0,"k":{"i":[[0,-17.121],[17.121,0],[0,17.121],[-17.121,0]],"o":[[0,17.121],[-17.121,0],[0,-17.121],[17.121,0]],"v":[[31,0],[0,31],[-31,0],[0,-31]],"c":true},"ix":2},"nm":"Path 1","mn":"ADBE Vector Shape - Group","hd":false},{"ty":"fl","c":{"a":0,"k":[0.859000052658,0.275,0.136999990426,1],"ix":4},"o":{"a":0,"k":100,"ix":5},"r":1,"bm":0,"nm":"Fill 1","mn":"ADBE Vector Graphic - Fill","hd":false},{"ty":"tr","p":{"a":0,"k":[355.12,91.67],"ix":2},"a":{"a":0,"k":[0,0],"ix":1},"s":{"a":0,"k":[100,100],"ix":3},"r":{"a":0,"k":0,"ix":6},"o":{"a":0,"k":100,"ix":7},"sk":{"a":0,"k":0,"ix":4},"sa":{"a":0,"k":0,"ix":5},"nm":"Transform"}],"nm":"1","np":2,"cix":2,"bm":0,"ix":2,"mn":"ADBE Vector Group","hd":false}],"ip":0,"op":210,"st":0,"bm":0},{"ddd":0,"ind":22,"ty":4,"nm":"wreath","sr":1,"ks":{"o":{"a":0,"k":100,"ix":11},"r":{"a":1,"k":[{"i":{"x":[0.667],"y":[1]},"o":{"x":[0.333],"y":[0]},"t":0,"s":[-2]},{"i":{"x":[0.667],"y":[1]},"o":{"x":[0.333],"y":[0]},"t":45,"s":[2]},{"t":90,"s":[-2]}],"ix":10},"p":{"a":0,"k":[305.409,24.21,0],"ix":2},"a":{"a":0,"k":[294.529,27.88,0],"ix":1},"s":{"a":0,"k":[100,100,100],"ix":6}},"ao":0,"shapes":[{"ty":"gr","it":[{"ind":0,"ty":"sh","ix":1,"ks":{"a":0,"k":{"i":[[4.881,0.94],[0,0],[-0.032,0.165],[46.959,59.217],[0,0],[0.786,4.908],[4.908,-0.784],[0,0],[0.046,0.05],[0,0],[4.136,2.756],[2.956,-3.13],[29.88,12.526],[-0.75,-78.6],[0,0],[-2.3,-4.41],[4.4,-2.29],[0,0],[0,0],[1.67,-4.68],[4.68,1.68],[0,0],[0.59,-3.06],[17.34,-24.48],[0,0],[4.944,-0.507],[-0.505,-4.944],[0,0],[0,0],[2.985,-3.974],[-3.974,-2.986],[0,0],[74.659,14.375],[31.02,37.83],[0,0],[3.38,3.64],[-3.64,3.38],[0,0],[0,0],[-0.38,4.96],[-4.96,-0.38],[0,0],[4.525,13.741],[0,0],[-1.129,4.84],[4.84,1.13],[0,0],[0,0],[2.787,4.116],[4.116,-2.787],[0,0],[-4.931,25.594],[-0.15,0.73],[0,0],[-0.42,4.95],[-4.96,-0.43],[0,0],[0,0],[-3.93,3.05],[-3.06,-3.93],[0,0],[-41.37,23.96],[17.24,-89.57],[-16.248,-44.287],[0,0],[-1.63,-4.696],[-4.696,1.63],[0,0],[0,0],[-4.554,-1.99],[-1.992,4.554],[0,0],[-82.284,-15.839],[-57.511,40.347],[0,0],[-3.879,3.107],[3.107,3.88],[0,0],[-16.433,51.086],[0,0],[-4.221,2.624],[2.624,4.222],[0,0],[0,0],[-0.939,4.881]],"o":[[0,0],[0.032,-0.165],[15.408,-80.04],[0,0],[4.908,-0.786],[-0.784,-4.907],[0,0],[-0.047,-0.05],[0,0],[2.756,-4.137],[-3.704,-2.468],[-22.873,-21.464],[67.86,37.38],[0,0],[4.41,-2.3],[2.3,4.41],[0,0],[0,0],[4.68,1.67],[-1.68,4.67],[0,0],[-0.45,3.05],[-6.039,31.377],[0,0],[-0.506,-4.945],[-4.943,0.505],[0,0],[0,0],[-3.974,-2.985],[-2.986,3.975],[0,0],[-49.243,50.795],[-51.78,-9.97],[0,0],[-3.64,3.39],[-3.39,-3.65],[0,0],[0,0],[-4.95,-0.38],[0.38,-4.95],[0,0],[-7.1,-12.491],[0,0],[4.841,1.13],[1.13,-4.839],[0,0],[0,0],[4.116,-2.787],[-2.787,-4.116],[0,0],[-3.897,-24.33],[0.14,-0.73],[0,0],[-4.95,-0.42],[0.43,-4.95],[0,0],[0,0],[-3.05,-3.92],[3.92,-3.05],[0,0],[18.31,-46.24],[-77.43,34.56],[-9.567,49.7],[0,0],[-4.696,1.63],[1.63,4.696],[0,0],[0,0],[-1.991,4.554],[4.554,1.992],[0,0],[37.025,68.347],[74.44,14.333],[0,0],[3.108,3.88],[3.879,-3.106],[0,0],[39.724,-32.019],[0,0],[2.624,4.221],[4.221,-2.622],[0,0],[0,0],[4.881,0.94],[0.94,-4.881]],"v":[[270.264,38.26],[258.836,36.06],[258.937,35.568],[205.543,-182.253],[207.343,-182.541],[214.808,-192.85],[204.5,-200.314],[191.79,-198.282],[191.649,-198.43],[192.805,-200.166],[190.306,-212.646],[178.785,-211.337],[99.237,-262.961],[211.487,-75.222],[219.797,-79.551],[231.937,-75.731],[228.117,-63.592],[216.457,-57.521],[218.637,-56.731],[224.077,-45.221],[212.567,-39.792],[209.117,-41.031],[207.557,-31.862],[171.66,52.48],[170.732,43.422],[160.862,35.385],[152.826,45.255],[154.165,58.331],[152.313,56.939],[139.712,58.729],[141.502,71.331],[150.42,78.03],[-46.553,140.208],[-173.263,64.808],[-176.293,67.618],[-189.013,67.159],[-188.553,54.438],[-186.853,52.858],[-199.963,51.868],[-208.253,42.208],[-198.593,33.919],[-194.243,34.248],[-211.736,-5.197],[-201.538,-2.818],[-190.728,-9.536],[-197.448,-20.346],[-210.247,-23.333],[-208.329,-24.632],[-205.923,-37.13],[-218.422,-39.536],[-219.847,-38.57],[-218.613,-113.902],[-218.173,-116.092],[-218.953,-116.162],[-227.163,-125.891],[-217.423,-134.092],[-215.123,-133.902],[-223.193,-144.271],[-221.613,-156.902],[-208.983,-155.322],[-207.213,-153.042],[-114.223,-260.692],[-268.773,-66.021],[-257.29,77.096],[-261.137,78.432],[-266.688,89.885],[-255.234,95.436],[-253.046,94.677],[-258.312,106.719],[-253.672,118.571],[-241.82,113.931],[-241.25,112.626],[-55.713,248.628],[149.399,204.722],[154.904,211.596],[167.555,212.994],[168.953,200.343],[163.788,193.894],[250.782,67.385],[256.239,76.163],[268.633,79.055],[271.525,66.66],[264.587,55.498],[266.861,55.935],[277.4,48.799]],"c":true},"ix":2},"nm":"Path 1","mn":"ADBE Vector Shape - Group","hd":false},{"ty":"fl","c":{"a":0,"k":[0.122000002394,0.375999989229,0.340999977261,1],"ix":4},"o":{"a":0,"k":100,"ix":5},"r":1,"bm":0,"nm":"Fill 1","mn":"ADBE Vector Graphic - Fill","hd":false},{"ty":"tr","p":{"a":0,"k":[297.073,307.381],"ix":2},"a":{"a":0,"k":[0,0],"ix":1},"s":{"a":0,"k":[100,100],"ix":3},"r":{"a":0,"k":0,"ix":6},"o":{"a":0,"k":100,"ix":7},"sk":{"a":0,"k":0,"ix":4},"sa":{"a":0,"k":0,"ix":5},"nm":"Transform"}],"nm":"Group 32","np":2,"cix":2,"bm":0,"ix":1,"mn":"ADBE Vector Group","hd":false},{"ty":"gr","it":[{"ind":0,"ty":"sh","ix":1,"ks":{"a":0,"k":{"i":[[19.137,22.838],[0,0],[1.544,4.724],[4.724,-1.543],[0,0],[0,0],[4.517,2.075],[2.075,-4.517],[0,0],[27.559,0],[23.007,-38.193],[3.642,-1.358],[-1.735,-4.657],[0,0],[0,0],[1.887,-4.598],[-4.598,-1.888],[0,0],[0,-9.965],[-45.44,-20.71],[-8.84,45.91],[-58.3,-11.23],[11.22,-58.3],[25.82,-15.08],[-0.01,53.29]],"o":[[0,0],[4.725,-1.544],[-1.542,-4.724],[0,0],[0,0],[2.074,-4.517],[-4.517,-2.075],[0,0],[-21.133,-14.49],[-47.836,0],[-2.385,-2.795],[-4.657,1.734],[0,0],[0,0],[-4.598,-1.887],[-1.888,4.598],[0,0],[-2.1,9.331],[0,53.19],[-38.14,-22.4],[11.23,-58.3],[58.3,11.22],[-6.1,31.68],[45.57,-20.64],[0,-32.127]],"v":[[104.663,-78.561],[112.002,-80.959],[117.762,-92.308],[106.413,-98.068],[93.919,-93.987],[94.886,-96.092],[90.464,-108.027],[78.529,-103.605],[78.104,-102.68],[3.838,-125.655],[-108.871,-61.914],[-118.854,-64.511],[-124.144,-52.935],[-119.554,-40.619],[-121.697,-41.499],[-133.44,-36.591],[-128.533,-24.847],[-124.436,-23.165],[-127.652,5.835],[-50.632,125.545],[-101.732,12.515],[24.158,-72.725],[109.398,53.155],[58.048,125.655],[135.328,5.835]],"c":true},"ix":2},"nm":"Path 1","mn":"ADBE Vector Shape - Group","hd":false},{"ty":"fl","c":{"a":0,"k":[0.122000002394,0.375999989229,0.340999977261,1],"ix":4},"o":{"a":0,"k":100,"ix":5},"r":1,"bm":0,"nm":"Fill 1","mn":"ADBE Vector Graphic - Fill","hd":false},{"ty":"tr","p":{"a":0,"k":[288.322,259.325],"ix":2},"a":{"a":0,"k":[0,0],"ix":1},"s":{"a":0,"k":[100,100],"ix":3},"r":{"a":0,"k":0,"ix":6},"o":{"a":0,"k":100,"ix":7},"sk":{"a":0,"k":0,"ix":4},"sa":{"a":0,"k":0,"ix":5},"nm":"Transform"}],"nm":"Group 33","np":2,"cix":2,"bm":0,"ix":2,"mn":"ADBE Vector Group","hd":false},{"ty":"gr","it":[{"ind":0,"ty":"sh","ix":1,"ks":{"a":0,"k":{"i":[[26.62,5.12],[10.29,6.05],[-8.84,45.91],[-58.3,-11.23],[11.22,-58.3],[25.82,-15.08]],"o":[[-12.39,-2.38],[-38.14,-22.4],[11.23,-58.3],[58.3,11.22],[-6.1,31.68],[-21.7,12.69]],"v":[[-20.32,105.56],[-54.47,92.71],[-105.57,-20.32],[20.32,-105.56],[105.56,20.32],[54.21,92.82]],"c":true},"ix":2},"nm":"Path 1","mn":"ADBE Vector Shape - Group","hd":false},{"ind":1,"ty":"sh","ix":2,"ks":{"a":0,"k":{"i":[[145.72,28.06],[28.05,-145.72],[-145.72,-28.05],[-28.05,145.73]],"o":[[-145.72,-28.05],[-28.05,145.73],[145.73,28.06],[28.06,-145.72]],"v":[[50.79,-263.86],[-263.86,-50.8],[-50.8,263.85],[263.85,50.79]],"c":true},"ix":2},"nm":"Path 2","mn":"ADBE Vector Shape - Group","hd":false},{"ty":"mm","mm":1,"nm":"Merge Paths 1","mn":"ADBE Vector Filter - Merge","hd":false},{"ty":"fl","c":{"a":0,"k":[0.152999997606,0.486000001197,0.426999978458,1],"ix":4},"o":{"a":0,"k":100,"ix":5},"r":1,"bm":0,"nm":"Fill 1","mn":"ADBE Vector Graphic - Fill","hd":false},{"ty":"tr","p":{"a":0,"k":[292.16,292.16],"ix":2},"a":{"a":0,"k":[0,0],"ix":1},"s":{"a":0,"k":[100,100],"ix":3},"r":{"a":0,"k":0,"ix":6},"o":{"a":0,"k":100,"ix":7},"sk":{"a":0,"k":0,"ix":4},"sa":{"a":0,"k":0,"ix":5},"nm":"Transform"}],"nm":"Group 34","np":4,"cix":2,"bm":0,"ix":3,"mn":"ADBE Vector Group","hd":false},{"ty":"gr","it":[{"ind":0,"ty":"sh","ix":1,"ks":{"a":0,"k":{"i":[[2.183,0.42],[1.043,0.717],[-0.677,3.512],[0,0],[-4.881,-0.939],[0.939,-4.881],[0,0],[0,0],[-2.622,-4.222],[4.221,-2.624],[0,0]],"o":[[-1.196,-0.23],[-2.946,-2.026],[0,0],[0.94,-4.881],[4.881,0.94],[0,0],[0,0],[4.221,-2.623],[2.625,4.22],[0,0],[-1.963,1.22]],"v":[[-16.401,20.34],[-19.798,18.918],[-23.535,9.801],[-19.208,-12.684],[-8.669,-19.821],[-1.531,-9.282],[-1.97,-7.007],[9.193,-13.946],[21.587,-11.053],[18.695,1.341],[-9.947,19.146]],"c":true},"ix":2},"nm":"Path 1","mn":"ADBE Vector Shape - Group","hd":false},{"ty":"fl","c":{"a":0,"k":[0.152999997606,0.486000001197,0.426999978458,1],"ix":4},"o":{"a":0,"k":100,"ix":5},"r":1,"bm":0,"nm":"Fill 1","mn":"ADBE Vector Graphic - Fill","hd":false},{"ty":"tr","p":{"a":0,"k":[275.833,26.539],"ix":2},"a":{"a":0,"k":[0,0],"ix":1},"s":{"a":0,"k":[100,100],"ix":3},"r":{"a":0,"k":0,"ix":6},"o":{"a":0,"k":100,"ix":7},"sk":{"a":0,"k":0,"ix":4},"sa":{"a":0,"k":0,"ix":5},"nm":"Transform"}],"nm":"Group 21","np":2,"cix":2,"bm":0,"ix":4,"mn":"ADBE Vector Group","hd":false}],"ip":0,"op":210,"st":0,"bm":0}],"markers":[]}