{"v":"5.5.7","meta":{"g":"LottieFiles AE 0.1.21","a":"","k":"","d":"","tc":""},"fr":24,"ip":0,"op":72,"w":1280,"h":1280,"nm":"encelope","ddd":0,"assets":[{"id":"comp_0","layers":[{"ddd":0,"ind":1,"ty":4,"nm":"white","sr":1,"ks":{"o":{"a":0,"k":100,"ix":11},"r":{"a":0,"k":0,"ix":10},"p":{"a":0,"k":[640,1039,0],"ix":2},"a":{"a":0,"k":[0,0,0],"ix":1},"s":{"a":0,"k":[100,79.31,100],"ix":6}},"ao":0,"shapes":[{"ty":"gr","it":[{"ty":"rc","d":1,"s":{"a":0,"k":[1084,1056],"ix":2},"p":{"a":0,"k":[0,0],"ix":3},"r":{"a":0,"k":0,"ix":4},"nm":"Rectangle Path 1","mn":"ADBE Vector Shape - Rect","hd":false},{"ty":"fl","c":{"a":0,"k":[0.949019607843,0.949019607843,0.949019607843,1],"ix":4},"o":{"a":0,"k":100,"ix":5},"r":1,"bm":0,"nm":"Fill 1","mn":"ADBE Vector Graphic - Fill","hd":false},{"ty":"tr","p":{"a":0,"k":[6,52],"ix":2},"a":{"a":0,"k":[0,0],"ix":1},"s":{"a":0,"k":[100,100],"ix":3},"r":{"a":0,"k":0,"ix":6},"o":{"a":0,"k":100,"ix":7},"sk":{"a":0,"k":0,"ix":4},"sa":{"a":0,"k":0,"ix":5},"nm":"Transform"}],"nm":"Rectangle 1","np":3,"cix":2,"bm":0,"ix":1,"mn":"ADBE Vector Group","hd":false}],"ip":0,"op":72,"st":0,"bm":0}]}],"layers":[{"ddd":0,"ind":1,"ty":4,"nm":"envelop","sr":1,"ks":{"o":{"a":0,"k":100,"ix":11},"r":{"a":0,"k":0,"ix":10},"p":{"a":0,"k":[640,638.171,0],"ix":2},"a":{"a":0,"k":[599.428,600.004,0],"ix":1},"s":{"a":0,"k":[100,100,100],"ix":6}},"ao":0,"shapes":[{"ty":"gr","it":[{"ind":0,"ty":"sh","ix":1,"ks":{"a":0,"k":{"i":[[-8.543,14.747],[0,0],[18.089,-14.585],[0,0],[-15.292,0],[0,0]],"o":[[0,0],[-18.089,-14.585],[0,0],[9.06,10.917],[0,0],[18.27,0]],"v":[[590.164,218.665],[35.226,-228.771],[-26.767,-228.771],[-590.164,225.485],[-552.149,243.356],[547.437,243.356]],"c":true},"ix":2},"nm":"Path 1","mn":"ADBE Vector Shape - Group","hd":false},{"ty":"fl","c":{"a":0,"k":[0.980112771427,0.862147910922,0.516436767578,1],"ix":4},"o":{"a":0,"k":100,"ix":5},"r":1,"bm":0,"nm":"Fill 1","mn":"ADBE Vector Graphic - Fill","hd":false},{"ty":"tr","p":{"a":0,"k":[601.782,956.401],"ix":2},"a":{"a":0,"k":[0,0],"ix":1},"s":{"a":0,"k":[100,100],"ix":3},"r":{"a":0,"k":0,"ix":6},"o":{"a":0,"k":100,"ix":7},"sk":{"a":0,"k":0,"ix":4},"sa":{"a":0,"k":0,"ix":5},"nm":"Transform"}],"nm":"Group 1","np":2,"cix":2,"bm":0,"ix":1,"mn":"ADBE Vector Group","hd":false},{"ty":"gr","it":[{"ind":0,"ty":"sh","ix":1,"ks":{"a":0,"k":{"i":[[27.26,0],[0,0],[0,27.261],[0,0],[0,0],[0,0],[0,0],[0,0],[0,0]],"o":[[0,0],[-27.261,0],[0,0],[0,0],[0,0],[0,0],[0,0],[0,0],[0,27.261]],"v":[[549.795,362.354],[-549.794,362.354],[-599.177,312.971],[-599.177,-277.893],[-599.177,-362.354],[6.586,115.443],[549.795,-322.537],[599.177,-362.354],[599.177,312.971]],"c":true},"ix":2},"nm":"Path 1","mn":"ADBE Vector Shape - Group","hd":false},{"ty":"fl","c":{"a":0,"k":[0.978657441981,0.909308699066,0.599954044118,1],"ix":4},"o":{"a":0,"k":100,"ix":5},"r":1,"bm":0,"nm":"Fill 1","mn":"ADBE Vector Graphic - Fill","hd":false},{"ty":"tr","p":{"a":0,"k":[599.427,837.403],"ix":2},"a":{"a":0,"k":[0,0],"ix":1},"s":{"a":0,"k":[100,100],"ix":3},"r":{"a":0,"k":0,"ix":6},"o":{"a":0,"k":100,"ix":7},"sk":{"a":0,"k":0,"ix":4},"sa":{"a":0,"k":0,"ix":5},"nm":"Transform"}],"nm":"Group 2","np":2,"cix":2,"bm":0,"ix":2,"mn":"ADBE Vector Group","hd":false}],"ip":16,"op":64,"st":0,"bm":0},{"ddd":0,"ind":2,"ty":0,"nm":"papr + text","refId":"comp_0","sr":1,"ks":{"o":{"a":0,"k":100,"ix":11},"r":{"a":0,"k":0,"ix":10},"p":{"a":1,"k":[{"i":{"x":0.305,"y":1},"o":{"x":0.359,"y":0},"t":16,"s":[640,583,0],"to":[0,-56,0],"ti":[0,56,0]},{"i":{"x":0.735,"y":1},"o":{"x":0.682,"y":0},"t":26,"s":[640,247,0],"to":[0,0,0],"ti":[0,0,0]},{"i":{"x":0.667,"y":0.667},"o":{"x":0.333,"y":0.333},"t":32,"s":[640,279,0],"to":[0,0,0],"ti":[0,0,0]},{"i":{"x":0.322,"y":1},"o":{"x":0.25,"y":0},"t":48,"s":[640,279,0],"to":[0,0,0],"ti":[0,0,0]},{"i":{"x":0.36,"y":1},"o":{"x":0.333,"y":0},"t":54,"s":[640,223,0],"to":[0,0,0],"ti":[0,-60,0]},{"t":64,"s":[640,583,0]}],"ix":2},"a":{"a":0,"k":[640,640,0],"ix":1},"s":{"a":0,"k":[100,100,100],"ix":6}},"ao":0,"w":1280,"h":1280,"ip":16,"op":64,"st":0,"bm":0},{"ddd":0,"ind":3,"ty":4,"nm":"envelop top","sr":1,"ks":{"o":{"a":0,"k":100,"ix":11},"r":{"a":0,"k":0,"ix":10},"p":{"a":0,"k":[640,638.171,0],"ix":2},"a":{"a":0,"k":[599.428,600.004,0],"ix":1},"s":{"a":0,"k":[100,100,100],"ix":6}},"ao":0,"shapes":[{"ty":"gr","it":[{"ind":0,"ty":"sh","ix":1,"ks":{"a":1,"k":[{"i":{"x":0.833,"y":0.833},"o":{"x":0.333,"y":0},"t":8,"s":[{"i":[[23.538,14.453],[0,0],[0,0],[0,0]],"o":[[0,0],[0,0],[0,0],[-21.538,15.453]],"v":[[-25.038,454.5],[-599.177,-28.426],[599.178,-28.426],[37.037,454.5]],"c":true}]},{"i":{"x":0.667,"y":1},"o":{"x":0.167,"y":0.167},"t":16,"s":[{"i":[[21.788,0.203],[0,0],[0,0],[0,0]],"o":[[0,0],[0,0],[0,0],[-27.288,0.203]],"v":[[-28.038,-16.501],[-599.177,-28.426],[599.178,-28.426],[34.038,-16.501]],"c":true}]},{"i":{"x":0.667,"y":1},"o":{"x":0.167,"y":0},"t":24,"s":[{"i":[[18.105,-14.63],[0,0],[0,0],[0,0]],"o":[[0,0],[0,0],[0,0],[-18.105,-14.63]],"v":[[-31.038,-487.501],[-599.177,-28.426],[599.178,-28.426],[31.038,-487.501]],"c":true}]},{"i":{"x":0.833,"y":0.833},"o":{"x":0.167,"y":0},"t":56,"s":[{"i":[[18.105,-14.63],[0,0],[0,0],[0,0]],"o":[[0,0],[0,0],[0,0],[-18.105,-14.63]],"v":[[-31.038,-487.501],[-599.177,-28.426],[599.178,-28.426],[31.038,-487.501]],"c":true}]},{"i":{"x":0.667,"y":1},"o":{"x":0.167,"y":0.167},"t":64,"s":[{"i":[[21.788,0.203],[0,0],[0,0],[0,0]],"o":[[0,0],[0,0],[0,0],[-27.288,0.203]],"v":[[-28.038,-16.501],[-599.177,-28.426],[599.178,-28.426],[34.038,-16.501]],"c":true}]},{"t":71,"s":[{"i":[[23.538,14.453],[0,0],[0,0],[0,0]],"o":[[0,0],[0,0],[0,0],[-21.538,15.453]],"v":[[-25.038,454.5],[-599.177,-28.426],[599.178,-28.426],[37.037,454.5]],"c":true}]}],"ix":2},"nm":"Path 1","mn":"ADBE Vector Shape - Group","hd":false},{"ty":"fl","c":{"a":0,"k":[0.89019613827,0.776470648074,0.450980422076,1],"ix":4},"o":{"a":0,"k":100,"ix":5},"r":1,"bm":0,"nm":"Fill 1","mn":"ADBE Vector Graphic - Fill","hd":false},{"ty":"tr","p":{"a":0,"k":[599.427,502.38],"ix":2},"a":{"a":0,"k":[0,0],"ix":1},"s":{"a":0,"k":[100,100],"ix":3},"r":{"a":0,"k":0,"ix":6},"o":{"a":0,"k":100,"ix":7},"sk":{"a":0,"k":0,"ix":4},"sa":{"a":0,"k":0,"ix":5},"nm":"Transform"}],"nm":"Group 3","np":2,"cix":2,"bm":0,"ix":1,"mn":"ADBE Vector Group","hd":false}],"ip":16,"op":64,"st":0,"bm":0},{"ddd":0,"ind":4,"ty":4,"nm":"envelop top","sr":1,"ks":{"o":{"a":0,"k":100,"ix":11},"r":{"a":0,"k":0,"ix":10},"p":{"a":0,"k":[640,638.171,0],"ix":2},"a":{"a":0,"k":[599.428,600.004,0],"ix":1},"s":{"a":0,"k":[100,100,100],"ix":6}},"ao":0,"shapes":[{"ty":"gr","it":[{"ind":0,"ty":"sh","ix":1,"ks":{"a":1,"k":[{"i":{"x":0.833,"y":0.833},"o":{"x":0.333,"y":0},"t":8,"s":[{"i":[[23.538,14.453],[0,0],[0,0],[0,0]],"o":[[0,0],[0,0],[0,0],[-21.538,15.453]],"v":[[-25.038,454.5],[-599.177,-28.426],[599.178,-28.426],[37.037,454.5]],"c":true}]},{"i":{"x":0.667,"y":1},"o":{"x":0.167,"y":0.167},"t":16,"s":[{"i":[[21.788,0.203],[0,0],[0,0],[0,0]],"o":[[0,0],[0,0],[0,0],[-27.288,0.203]],"v":[[-28.038,-16.501],[-599.177,-28.426],[599.178,-28.426],[34.038,-16.501]],"c":true}]},{"i":{"x":0.667,"y":1},"o":{"x":0.167,"y":0},"t":24,"s":[{"i":[[18.105,-14.63],[0,0],[0,0],[0,0]],"o":[[0,0],[0,0],[0,0],[-18.105,-14.63]],"v":[[-31.038,-487.501],[-599.177,-28.426],[599.178,-28.426],[31.038,-487.501]],"c":true}]},{"i":{"x":0.833,"y":0.833},"o":{"x":0.167,"y":0},"t":56,"s":[{"i":[[18.105,-14.63],[0,0],[0,0],[0,0]],"o":[[0,0],[0,0],[0,0],[-18.105,-14.63]],"v":[[-31.038,-487.501],[-599.177,-28.426],[599.178,-28.426],[31.038,-487.501]],"c":true}]},{"i":{"x":0.667,"y":1},"o":{"x":0.167,"y":0.167},"t":64,"s":[{"i":[[21.788,0.203],[0,0],[0,0],[0,0]],"o":[[0,0],[0,0],[0,0],[-27.288,0.203]],"v":[[-28.038,-16.501],[-599.177,-28.426],[599.178,-28.426],[34.038,-16.501]],"c":true}]},{"t":68,"s":[{"i":[[23.538,14.453],[0,0],[0,0],[0,0]],"o":[[0,0],[0,0],[0,0],[-21.538,15.453]],"v":[[-25.038,454.5],[-599.177,-28.426],[599.178,-28.426],[37.037,454.5]],"c":true}]}],"ix":2},"nm":"Path 1","mn":"ADBE Vector Shape - Group","hd":false},{"ty":"fl","c":{"a":0,"k":[0.952941176471,0.836080035041,0.493287209903,1],"ix":4},"o":{"a":0,"k":100,"ix":5},"r":1,"bm":0,"nm":"Fill 1","mn":"ADBE Vector Graphic - Fill","hd":false},{"ty":"tr","p":{"a":0,"k":[599.427,502.38],"ix":2},"a":{"a":0,"k":[0,0],"ix":1},"s":{"a":0,"k":[100,100],"ix":3},"r":{"a":0,"k":0,"ix":6},"o":{"a":0,"k":100,"ix":7},"sk":{"a":0,"k":0,"ix":4},"sa":{"a":0,"k":0,"ix":5},"nm":"Transform"}],"nm":"Group 3","np":2,"cix":2,"bm":0,"ix":1,"mn":"ADBE Vector Group","hd":false}],"ip":0,"op":72,"st":0,"bm":0},{"ddd":0,"ind":5,"ty":4,"nm":"envelop","sr":1,"ks":{"o":{"a":0,"k":100,"ix":11},"r":{"a":0,"k":0,"ix":10},"p":{"a":0,"k":[640,638.171,0],"ix":2},"a":{"a":0,"k":[599.428,600.004,0],"ix":1},"s":{"a":0,"k":[100,100,100],"ix":6}},"ao":0,"shapes":[{"ty":"gr","it":[{"ind":0,"ty":"sh","ix":1,"ks":{"a":0,"k":{"i":[[-8.543,14.747],[0,0],[18.089,-14.585],[0,0],[-15.292,0],[0,0]],"o":[[0,0],[-18.089,-14.585],[0,0],[9.06,10.917],[0,0],[18.27,0]],"v":[[590.164,218.665],[35.226,-228.771],[-26.767,-228.771],[-590.164,225.485],[-552.149,243.356],[547.437,243.356]],"c":true},"ix":2},"nm":"Path 1","mn":"ADBE Vector Shape - Group","hd":false},{"ty":"fl","c":{"a":0,"k":[0.980112771427,0.862147910922,0.516436767578,1],"ix":4},"o":{"a":0,"k":100,"ix":5},"r":1,"bm":0,"nm":"Fill 1","mn":"ADBE Vector Graphic - Fill","hd":false},{"ty":"tr","p":{"a":0,"k":[601.782,956.401],"ix":2},"a":{"a":0,"k":[0,0],"ix":1},"s":{"a":0,"k":[100,100],"ix":3},"r":{"a":0,"k":0,"ix":6},"o":{"a":0,"k":100,"ix":7},"sk":{"a":0,"k":0,"ix":4},"sa":{"a":0,"k":0,"ix":5},"nm":"Transform"}],"nm":"Group 1","np":2,"cix":2,"bm":0,"ix":1,"mn":"ADBE Vector Group","hd":false},{"ty":"gr","it":[{"ind":0,"ty":"sh","ix":1,"ks":{"a":0,"k":{"i":[[27.26,0],[0,0],[0,27.261],[0,0],[0,0],[0,0],[0,0],[0,0],[0,0]],"o":[[0,0],[-27.261,0],[0,0],[0,0],[0,0],[0,0],[0,0],[0,0],[0,27.261]],"v":[[549.795,362.354],[-549.794,362.354],[-599.177,312.971],[-599.177,-277.893],[-599.177,-362.354],[6.586,115.443],[549.795,-322.537],[599.177,-362.354],[599.177,312.971]],"c":true},"ix":2},"nm":"Path 1","mn":"ADBE Vector Shape - Group","hd":false},{"ty":"fl","c":{"a":0,"k":[0.978657441981,0.909308699066,0.599954044118,1],"ix":4},"o":{"a":0,"k":100,"ix":5},"r":1,"bm":0,"nm":"Fill 1","mn":"ADBE Vector Graphic - Fill","hd":false},{"ty":"tr","p":{"a":0,"k":[599.427,837.403],"ix":2},"a":{"a":0,"k":[0,0],"ix":1},"s":{"a":0,"k":[100,100],"ix":3},"r":{"a":0,"k":0,"ix":6},"o":{"a":0,"k":100,"ix":7},"sk":{"a":0,"k":0,"ix":4},"sa":{"a":0,"k":0,"ix":5},"nm":"Transform"}],"nm":"Group 2","np":2,"cix":2,"bm":0,"ix":2,"mn":"ADBE Vector Group","hd":false}],"ip":0,"op":72,"st":0,"bm":0},{"ddd":0,"ind":6,"ty":0,"nm":"papr + text","refId":"comp_0","sr":1,"ks":{"o":{"a":0,"k":100,"ix":11},"r":{"a":0,"k":0,"ix":10},"p":{"a":1,"k":[{"i":{"x":0.667,"y":1},"o":{"x":0.333,"y":0},"t":16,"s":[640,583,0],"to":[0,1.5,0],"ti":[0,-1.5,0]},{"i":{"x":0.667,"y":0.667},"o":{"x":0.333,"y":0.333},"t":24,"s":[640,592,0],"to":[0,0,0],"ti":[0,0,0]},{"i":{"x":0.667,"y":1},"o":{"x":0.333,"y":0},"t":56,"s":[640,592,0],"to":[0,-1.5,0],"ti":[0,1.5,0]},{"t":64,"s":[640,583,0]}],"ix":2},"a":{"a":0,"k":[640,640,0],"ix":1},"s":{"a":0,"k":[100,100,100],"ix":6}},"ao":0,"w":1280,"h":1280,"ip":64,"op":72,"st":0,"bm":0},{"ddd":0,"ind":7,"ty":0,"nm":"papr + text","refId":"comp_0","sr":1,"ks":{"o":{"a":0,"k":100,"ix":11},"r":{"a":0,"k":0,"ix":10},"p":{"a":1,"k":[{"i":{"x":0.667,"y":1},"o":{"x":0.333,"y":0},"t":16,"s":[640,583,0],"to":[0,1.5,0],"ti":[0,-1.5,0]},{"i":{"x":0.667,"y":0.667},"o":{"x":0.333,"y":0.333},"t":24,"s":[640,592,0],"to":[0,0,0],"ti":[0,0,0]},{"i":{"x":0.667,"y":1},"o":{"x":0.333,"y":0},"t":56,"s":[640,592,0],"to":[0,-1.5,0],"ti":[0,1.5,0]},{"t":64,"s":[640,583,0]}],"ix":2},"a":{"a":0,"k":[640,640,0],"ix":1},"s":{"a":0,"k":[100,100,100],"ix":6}},"ao":0,"w":1280,"h":1280,"ip":0,"op":16,"st":0,"bm":0},{"ddd":0,"ind":8,"ty":4,"nm":"Shape Layer 1","sr":1,"ks":{"o":{"a":0,"k":100,"ix":11},"r":{"a":0,"k":0,"ix":10},"p":{"a":0,"k":[640,640,0],"ix":2},"a":{"a":0,"k":[0,0,0],"ix":1},"s":{"a":0,"k":[99.503,99.586,100],"ix":6}},"ao":0,"shapes":[{"ty":"gr","it":[{"ty":"rc","d":1,"s":{"a":0,"k":[1202,670],"ix":2},"p":{"a":0,"k":[0,0],"ix":3},"r":{"a":0,"k":0,"ix":4},"nm":"Rectangle Path 1","mn":"ADBE Vector Shape - Rect","hd":false},{"ty":"fl","c":{"a":0,"k":[0.890196078431,0.778366866766,0.450334496592,1],"ix":4},"o":{"a":0,"k":100,"ix":5},"r":1,"bm":0,"nm":"Fill 1","mn":"ADBE Vector Graphic - Fill","hd":false},{"ty":"tr","p":{"a":0,"k":[-1,207],"ix":2},"a":{"a":0,"k":[0,0],"ix":1},"s":{"a":0,"k":[100,100],"ix":3},"r":{"a":0,"k":0,"ix":6},"o":{"a":0,"k":100,"ix":7},"sk":{"a":0,"k":0,"ix":4},"sa":{"a":0,"k":0,"ix":5},"nm":"Transform"}],"nm":"Rectangle 1","np":3,"cix":2,"bm":0,"ix":1,"mn":"ADBE Vector Group","hd":false}],"ip":0,"op":72,"st":0,"bm":0}],"markers":[]}