{"v":"5.5.2","fr":60,"ip":0,"op":120,"w":350,"h":205,"nm":"artwork","ddd":0,"assets":[],"layers":[{"ddd":0,"ind":1,"ty":3,"nm":"artwork","sr":1,"ks":{"o":{"a":0,"k":100,"ix":11},"r":{"a":0,"k":0,"ix":10},"p":{"a":0,"k":[175,102.048,0],"ix":2},"a":{"a":0,"k":[0,0,0],"ix":1},"s":{"a":0,"k":[100,100,100],"ix":6}},"ao":0,"ip":0,"op":120,"st":0,"bm":0},{"ddd":0,"ind":2,"ty":4,"nm":"thumbs down","parent":1,"sr":1,"ks":{"o":{"a":0,"k":100,"ix":11},"r":{"a":1,"k":[{"i":{"x":[0.833],"y":[0.833]},"o":{"x":[0.167],"y":[0.167]},"t":0,"s":[0]},{"i":{"x":[0.833],"y":[0.833]},"o":{"x":[0.167],"y":[0.167]},"t":60,"s":[15]},{"t":119,"s":[0]}],"ix":10},"p":{"a":1,"k":[{"i":{"x":0.833,"y":0.833},"o":{"x":0.167,"y":0.167},"t":0,"s":[-36.75,70.123,0],"to":[0,0,0],"ti":[0,0,0]},{"i":{"x":0.833,"y":0.833},"o":{"x":0.167,"y":0.167},"t":60,"s":[-36.75,67.123,0],"to":[0,0,0],"ti":[0,0,0]},{"t":119,"s":[-36.75,70.123,0]}],"ix":2},"a":{"a":0,"k":[8.25,-5.25,0],"ix":1},"s":{"a":0,"k":[100,100,100],"ix":6}},"ao":0,"shapes":[{"ty":"rc","d":1,"s":{"a":0,"k":[24.028,24.112],"ix":2},"p":{"a":0,"k":[0,0],"ix":3},"r":{"a":0,"k":0,"ix":4},"nm":"Rectangle Path 1","mn":"ADBE Vector Shape - Rect","hd":false}],"ip":0,"op":120,"st":0,"bm":0},{"ddd":0,"ind":3,"ty":4,"nm":"wrist","parent":2,"sr":1,"ks":{"o":{"a":0,"k":100,"ix":11},"r":{"a":0,"k":0,"ix":10},"p":{"a":0,"k":[8.011,-4.651,0],"ix":2},"a":{"a":0,"k":[4.003,7.405,0],"ix":1},"s":{"a":0,"k":[100,100,100],"ix":6}},"ao":0,"shapes":[{"ty":"gr","it":[{"ind":0,"ty":"sh","ix":1,"ks":{"a":0,"k":{"i":[[0,0],[0,0],[-0.397,-1.487],[0,0],[1.53,-0.167],[0,0]],"o":[[0,0],[1.524,-0.221],[0,0],[-0.013,1.54],[0,0],[0,0]],"v":[[0,0.475],[3.48,0.032],[6.848,2.253],[8.006,11.376],[5.3,14.369],[1.821,14.81]],"c":true},"ix":2},"nm":"Path 1","mn":"ADBE Vector Shape - Group","hd":false},{"ty":"fl","c":{"a":0,"k":[1,0.607843137255,0.458823529412,1],"ix":4},"o":{"a":0,"k":100,"ix":5},"r":1,"bm":0,"nm":"Fill 1","mn":"ADBE Vector Graphic - Fill","hd":false},{"ty":"tr","p":{"a":0,"k":[0,0],"ix":2},"a":{"a":0,"k":[0,0],"ix":1},"s":{"a":0,"k":[100,100],"ix":3},"r":{"a":0,"k":0,"ix":6},"o":{"a":0,"k":100,"ix":7},"sk":{"a":0,"k":0,"ix":4},"sa":{"a":0,"k":0,"ix":5},"nm":"Transform"}],"nm":"wrist","np":2,"cix":2,"bm":0,"ix":1,"mn":"ADBE Vector Group","hd":false}],"ip":0,"op":120,"st":0,"bm":0},{"ddd":0,"ind":4,"ty":4,"nm":"hands","parent":2,"sr":1,"ks":{"o":{"a":0,"k":100,"ix":11},"r":{"a":0,"k":0,"ix":10},"p":{"a":0,"k":[-3.092,0.237,0],"ix":2},"a":{"a":0,"k":[8.922,11.819,0],"ix":1},"s":{"a":0,"k":[100,100,100],"ix":6}},"ao":0,"shapes":[{"ty":"gr","it":[{"ind":0,"ty":"sh","ix":1,"ks":{"a":0,"k":{"i":[[0.097,-0.549],[0,0],[-0.623,-0.808],[-0.033,-0.038],[-0.746,1.797],[0,0],[0,0],[0,0],[0.032,-1.311],[0,0],[-1.45,-0.035],[-0.141,0.018],[0,0]],"o":[[0,0],[-0.177,1.005],[0.031,0.041],[1.245,1.495],[0,0],[0,0],[0,0],[-1.302,0.151],[0,0],[-0.035,1.451],[0.142,0.003],[0,0],[0.551,-0.092]],"v":[[9.681,19.005],[9.555,19.725],[10.165,22.612],[10.26,22.73],[14.667,21.999],[17.843,14.336],[16.022,0],[2.635,1.865],[0.309,4.413],[0.001,16.37],[2.563,19.061],[2.987,19.038],[8.752,18.068]],"c":true},"ix":2},"nm":"Path 1","mn":"ADBE Vector Shape - Group","hd":false},{"ty":"fl","c":{"a":0,"k":[0.996078431373,0.890196078431,0.749019607843,1],"ix":4},"o":{"a":0,"k":100,"ix":5},"r":1,"bm":0,"nm":"Fill 1","mn":"ADBE Vector Graphic - Fill","hd":false},{"ty":"tr","p":{"a":0,"k":[0,0],"ix":2},"a":{"a":0,"k":[0,0],"ix":1},"s":{"a":0,"k":[100,100],"ix":3},"r":{"a":0,"k":0,"ix":6},"o":{"a":0,"k":100,"ix":7},"sk":{"a":0,"k":0,"ix":4},"sa":{"a":0,"k":0,"ix":5},"nm":"Transform"}],"nm":"hands","np":2,"cix":2,"bm":0,"ix":1,"mn":"ADBE Vector Group","hd":false}],"ip":0,"op":120,"st":0,"bm":0},{"ddd":0,"ind":5,"ty":4,"nm":"sad face","parent":1,"sr":1,"ks":{"o":{"a":0,"k":100,"ix":11},"r":{"a":1,"k":[{"i":{"x":[0.833],"y":[0.833]},"o":{"x":[0.167],"y":[0.167]},"t":0,"s":[0]},{"i":{"x":[0.833],"y":[0.833]},"o":{"x":[0.167],"y":[0.167]},"t":60,"s":[8]},{"t":119,"s":[0]}],"ix":10},"p":{"a":1,"k":[{"i":{"x":0.833,"y":0.833},"o":{"x":0.167,"y":0.167},"t":0,"s":[3.155,74.76,0],"to":[0,0,0],"ti":[0,0,0]},{"i":{"x":0.833,"y":0.833},"o":{"x":0.167,"y":0.167},"t":60,"s":[3.155,75.385,0],"to":[0,0,0],"ti":[0,0,0]},{"t":119,"s":[3.155,74.76,0]}],"ix":2},"a":{"a":0,"k":[0,0,0],"ix":1},"s":{"a":1,"k":[{"i":{"x":[0.833,0.833,0.833],"y":[0.833,0.833,0.833]},"o":{"x":[0.167,0.167,0.167],"y":[0.167,0.167,0.167]},"t":0,"s":[100,100,100]},{"t":119,"s":[100,100,100]}],"ix":6}},"ao":0,"shapes":[{"ty":"rc","d":1,"s":{"a":0,"k":[43.756,43.756],"ix":2},"p":{"a":0,"k":[0,0],"ix":3},"r":{"a":0,"k":0,"ix":4},"nm":"Rectangle Path 1","mn":"ADBE Vector Shape - Rect","hd":false}],"ip":0,"op":120,"st":0,"bm":0},{"ddd":0,"ind":6,"ty":4,"nm":"mouth","parent":5,"sr":1,"ks":{"o":{"a":0,"k":100,"ix":11},"r":{"a":0,"k":0,"ix":10},"p":{"a":0,"k":[2.311,9.196,0],"ix":2},"a":{"a":0,"k":[10.742,4.956,0],"ix":1},"s":{"a":0,"k":[100,100,100],"ix":6}},"ao":0,"shapes":[{"ty":"gr","it":[{"ind":0,"ty":"sh","ix":1,"ks":{"a":1,"k":[{"i":{"x":0.833,"y":0.833},"o":{"x":0.167,"y":0.167},"t":0,"s":[{"i":[[0,0],[0.829,-0.158],[1.061,-1.407],[0,0],[0.394,0.297],[-0.089,0.34],[-1.638,1.516],[-2.18,0.484],[-2.092,-0.766],[-1.371,-1.771],[0.389,-0.302],[0.303,0.174]],"o":[[-1.532,-0.876],[-1.651,0.345],[0,0],[-0.297,0.393],[-0.298,-0.223],[0.573,-2.168],[1.614,-1.536],[2.19,-0.427],[2.107,0.742],[0.301,0.39],[-0.294,0.229],[0,0]],"v":[[20.046,5.679],[10.086,3.793],[1.678,9.46],[1.604,9.558],[0.355,9.733],[0.029,8.793],[3.438,3.278],[9.358,0.254],[15.991,0.684],[21.297,4.416],[21.138,5.668],[20.15,5.738]],"c":true}]},{"i":{"x":0.833,"y":0.833},"o":{"x":0.167,"y":0.167},"t":60,"s":[{"i":[[0,0],[2.224,-0.432],[1.061,-1.407],[0,0],[0.394,0.297],[-0.089,0.34],[-1.638,1.516],[-2.18,0.484],[-2.092,-0.766],[-1.371,-1.771],[0.389,-0.302],[0.303,0.174]],"o":[[-1.532,-0.876],[-2.997,0.582],[0,0],[-0.297,0.393],[-0.298,-0.223],[0.573,-2.168],[1.614,-1.536],[2.19,-0.427],[2.107,0.742],[0.301,0.39],[-0.294,0.229],[0,0]],"v":[[20.046,5.679],[10.587,5.112],[1.678,9.46],[1.604,9.558],[0.355,9.733],[0.029,8.793],[3.438,3.278],[9.358,0.254],[15.991,0.684],[21.297,4.416],[21.138,5.668],[20.15,5.738]],"c":true}]},{"t":119,"s":[{"i":[[0,0],[0.829,-0.158],[1.061,-1.407],[0,0],[0.394,0.297],[-0.089,0.34],[-1.638,1.516],[-2.18,0.484],[-2.092,-0.766],[-1.371,-1.771],[0.389,-0.302],[0.303,0.174]],"o":[[-1.532,-0.876],[-1.651,0.345],[0,0],[-0.297,0.393],[-0.298,-0.223],[0.573,-2.168],[1.614,-1.536],[2.19,-0.427],[2.107,0.742],[0.301,0.39],[-0.294,0.229],[0,0]],"v":[[20.046,5.679],[10.086,3.793],[1.678,9.46],[1.604,9.558],[0.355,9.733],[0.029,8.793],[3.438,3.278],[9.358,0.254],[15.991,0.684],[21.297,4.416],[21.138,5.668],[20.15,5.738]],"c":true}]}],"ix":2},"nm":"Path 1","mn":"ADBE Vector Shape - Group","hd":false},{"ty":"fl","c":{"a":0,"k":[1,0.607843137255,0.458823529412,1],"ix":4},"o":{"a":0,"k":100,"ix":5},"r":1,"bm":0,"nm":"Fill 1","mn":"ADBE Vector Graphic - Fill","hd":false},{"ty":"tr","p":{"a":0,"k":[0,0],"ix":2},"a":{"a":0,"k":[0,0],"ix":1},"s":{"a":1,"k":[{"i":{"x":[0.833,0.833],"y":[0.833,0.833]},"o":{"x":[0.167,0.167],"y":[0.167,0.167]},"t":0,"s":[100,100]},{"t":119,"s":[100,100]}],"ix":3},"r":{"a":0,"k":0,"ix":6},"o":{"a":0,"k":100,"ix":7},"sk":{"a":0,"k":0,"ix":4},"sa":{"a":0,"k":0,"ix":5},"nm":"Transform"}],"nm":"mouth","np":2,"cix":2,"bm":0,"ix":1,"mn":"ADBE Vector Group","hd":false}],"ip":0,"op":120,"st":0,"bm":0},{"ddd":0,"ind":7,"ty":4,"nm":"eyes","parent":5,"sr":1,"ks":{"o":{"a":0,"k":100,"ix":11},"r":{"a":0,"k":0,"ix":10},"p":{"a":0,"k":[-0.612,-1.846,0],"ix":2},"a":{"a":0,"k":[0,0,0],"ix":1},"s":{"a":0,"k":[100,100,100],"ix":6}},"ao":0,"shapes":[{"ty":"rc","d":1,"s":{"a":0,"k":[26.753,9.249],"ix":2},"p":{"a":0,"k":[0,0],"ix":3},"r":{"a":0,"k":0,"ix":4},"nm":"Rectangle Path 1","mn":"ADBE Vector Shape - Rect","hd":false}],"ip":0,"op":120,"st":0,"bm":0},{"ddd":0,"ind":8,"ty":4,"nm":"Path 3803","parent":7,"sr":1,"ks":{"o":{"a":0,"k":100,"ix":11},"r":{"a":1,"k":[{"i":{"x":[0.833],"y":[0.833]},"o":{"x":[0.167],"y":[0.167]},"t":0,"s":[0]},{"i":{"x":[0.833],"y":[0.833]},"o":{"x":[0.167],"y":[0.167]},"t":60,"s":[16]},{"t":119,"s":[0]}],"ix":10},"p":{"a":0,"k":[9.951,-1.259,0],"ix":2},"a":{"a":0,"k":[6.899,3.366,0],"ix":1},"s":{"a":0,"k":[100,100,100],"ix":6}},"ao":0,"shapes":[{"ty":"gr","it":[{"ind":0,"ty":"sh","ix":1,"ks":{"a":0,"k":{"i":[[0,0],[-0.635,-0.075],[-0.583,0.101],[-0.565,0.339],[-0.589,0.491],[0,0],[-0.309,-0.371],[0.012,-0.214],[0.768,-0.887],[1.176,-0.242],[1.042,0.508],[0.521,1.051],[-0.434,0.214],[-0.204,-0.061]],"o":[[0.74,0.22],[0.65,0.091],[0.575,-0.131],[0.555,-0.321],[0,0],[0.37,-0.309],[0.148,0.177],[-0.072,1.173],[-0.755,0.879],[-1.173,0.25],[-1.059,-0.508],[-0.214,-0.434],[0.207,-0.102],[0,0]],"v":[[1.355,1.874],[3.482,2.402],[5.28,2.337],[6.959,1.69],[8.704,0.361],[8.892,0.203],[10.122,0.314],[10.324,0.927],[9.034,3.98],[5.983,5.751],[2.48,5.336],[0.091,3.033],[0.486,1.86],[1.124,1.805]],"c":true},"ix":2},"nm":"Path 1","mn":"ADBE Vector Shape - Group","hd":false},{"ty":"fl","c":{"a":0,"k":[1,0.607843137255,0.458823529412,1],"ix":4},"o":{"a":0,"k":100,"ix":5},"r":1,"bm":0,"nm":"Fill 1","mn":"ADBE Vector Graphic - Fill","hd":false},{"ty":"tr","p":{"a":0,"k":[0,0],"ix":2},"a":{"a":0,"k":[0,0],"ix":1},"s":{"a":0,"k":[100,100],"ix":3},"r":{"a":0,"k":0,"ix":6},"o":{"a":0,"k":100,"ix":7},"sk":{"a":0,"k":0,"ix":4},"sa":{"a":0,"k":0,"ix":5},"nm":"Transform"}],"nm":"Path 3803","np":2,"cix":2,"bm":0,"ix":1,"mn":"ADBE Vector Group","hd":false}],"ip":0,"op":120,"st":0,"bm":0},{"ddd":0,"ind":9,"ty":4,"nm":"Path 3802","parent":7,"sr":1,"ks":{"o":{"a":0,"k":100,"ix":11},"r":{"a":1,"k":[{"i":{"x":[0.833],"y":[0.833]},"o":{"x":[0.167],"y":[0.167]},"t":0,"s":[0]},{"i":{"x":[0.833],"y":[0.833]},"o":{"x":[0.167],"y":[0.167]},"t":60,"s":[-16]},{"t":119,"s":[0]}],"ix":10},"p":{"a":0,"k":[-10.367,2.496,0],"ix":2},"a":{"a":0,"k":[3.01,3.739,0],"ix":1},"s":{"a":0,"k":[100,100,100],"ix":6}},"ao":0,"shapes":[{"ty":"gr","it":[{"ind":0,"ty":"sh","ix":1,"ks":{"a":0,"k":{"i":[[0,0],[-0.635,-0.075],[-0.582,0.101],[-0.565,0.339],[-0.589,0.491],[0,0],[-0.309,-0.371],[0.014,-0.214],[0.767,-0.888],[1.176,-0.243],[1.042,0.508],[0.521,1.051],[-0.434,0.214],[-0.205,-0.06]],"o":[[0.739,0.221],[0.649,0.091],[0.577,-0.131],[0.554,-0.321],[0,0],[0.37,-0.309],[0.148,0.177],[-0.072,1.175],[-0.755,0.879],[-1.172,0.248],[-1.06,-0.51],[-0.215,-0.434],[0.207,-0.102],[0,0]],"v":[[1.356,1.873],[3.482,2.402],[5.28,2.336],[6.96,1.69],[8.705,0.361],[8.893,0.203],[10.122,0.313],[10.323,0.926],[9.034,3.98],[5.982,5.751],[2.48,5.336],[0.092,3.033],[0.487,1.86],[1.125,1.804]],"c":true},"ix":2},"nm":"Path 1","mn":"ADBE Vector Shape - Group","hd":false},{"ty":"fl","c":{"a":0,"k":[1,0.607843137255,0.458823529412,1],"ix":4},"o":{"a":0,"k":100,"ix":5},"r":1,"bm":0,"nm":"Fill 1","mn":"ADBE Vector Graphic - Fill","hd":false},{"ty":"tr","p":{"a":0,"k":[0,0],"ix":2},"a":{"a":0,"k":[0,0],"ix":1},"s":{"a":0,"k":[100,100],"ix":3},"r":{"a":0,"k":0,"ix":6},"o":{"a":0,"k":100,"ix":7},"sk":{"a":0,"k":0,"ix":4},"sa":{"a":0,"k":0,"ix":5},"nm":"Transform"}],"nm":"Path 3802","np":2,"cix":2,"bm":0,"ix":1,"mn":"ADBE Vector Group","hd":false}],"ip":0,"op":120,"st":0,"bm":0},{"ddd":0,"ind":10,"ty":4,"nm":"face","parent":5,"sr":1,"ks":{"o":{"a":0,"k":100,"ix":11},"r":{"a":0,"k":0,"ix":10},"p":{"a":0,"k":[0,0,0],"ix":2},"a":{"a":0,"k":[0,0,0],"ix":1},"s":{"a":0,"k":[100,100,100],"ix":6}},"ao":0,"shapes":[{"ty":"gr","it":[{"d":1,"ty":"el","s":{"a":0,"k":[43.756,43.756],"ix":2},"p":{"a":0,"k":[0,0],"ix":3},"nm":"Ellipse Path 1","mn":"ADBE Vector Shape - Ellipse","hd":false},{"ty":"fl","c":{"a":0,"k":[0.996078431373,0.890196078431,0.749019607843,1],"ix":4},"o":{"a":0,"k":100,"ix":5},"r":1,"bm":0,"nm":"Fill 1","mn":"ADBE Vector Graphic - Fill","hd":false},{"ty":"tr","p":{"a":0,"k":[0,0],"ix":2},"a":{"a":0,"k":[0,0],"ix":1},"s":{"a":0,"k":[100,100],"ix":3},"r":{"a":0,"k":0,"ix":6},"o":{"a":0,"k":100,"ix":7},"sk":{"a":0,"k":0,"ix":4},"sa":{"a":0,"k":0,"ix":5},"nm":"Transform"}],"nm":"face","np":2,"cix":2,"bm":0,"ix":1,"mn":"ADBE Vector Group","hd":false}],"ip":0,"op":120,"st":0,"bm":0},{"ddd":0,"ind":11,"ty":4,"nm":"smiley","parent":1,"sr":1,"ks":{"o":{"a":0,"k":100,"ix":11},"r":{"a":1,"k":[{"i":{"x":[0.833],"y":[0.833]},"o":{"x":[0.167],"y":[0.167]},"t":0,"s":[0]},{"i":{"x":[0.833],"y":[0.833]},"o":{"x":[0.167],"y":[0.167]},"t":40,"s":[-6]},{"i":{"x":[0.833],"y":[0.833]},"o":{"x":[0.167],"y":[0.167]},"t":80,"s":[6]},{"t":119,"s":[0]}],"ix":10},"p":{"a":1,"k":[{"i":{"x":0.833,"y":0.833},"o":{"x":0.167,"y":0.167},"t":0,"s":[17.482,-60.445,0],"to":[0,0,0],"ti":[0,0,0]},{"i":{"x":0.833,"y":0.833},"o":{"x":0.167,"y":0.167},"t":60,"s":[17.482,-66.445,0],"to":[0,0,0],"ti":[0,0,0]},{"t":119,"s":[17.482,-60.445,0]}],"ix":2},"a":{"a":0,"k":[0,0,0],"ix":1},"s":{"a":0,"k":[100,100,100],"ix":6}},"ao":0,"shapes":[{"ty":"rc","d":1,"s":{"a":0,"k":[67.042,67.042],"ix":2},"p":{"a":0,"k":[0,0],"ix":3},"r":{"a":0,"k":0,"ix":4},"nm":"Rectangle Path 1","mn":"ADBE Vector Shape - Rect","hd":false}],"ip":0,"op":120,"st":0,"bm":0},{"ddd":0,"ind":12,"ty":4,"nm":"eyes","parent":11,"sr":1,"ks":{"o":{"a":0,"k":100,"ix":11},"r":{"a":0,"k":0,"ix":10},"p":{"a":0,"k":[0.187,-3.533,0],"ix":2},"a":{"a":0,"k":[0,0,0],"ix":1},"s":{"a":0,"k":[100,100,100],"ix":6}},"ao":0,"shapes":[{"ty":"rc","d":1,"s":{"a":0,"k":[41.525,11.385],"ix":2},"p":{"a":0,"k":[0,0],"ix":3},"r":{"a":0,"k":0,"ix":4},"nm":"Rectangle Path 1","mn":"ADBE Vector Shape - Rect","hd":false}],"ip":0,"op":120,"st":0,"bm":0},{"ddd":0,"ind":13,"ty":4,"nm":"Path 3801","parent":12,"sr":1,"ks":{"o":{"a":0,"k":100,"ix":11},"r":{"a":0,"k":0,"ix":10},"p":{"a":0,"k":[12.761,1.5,0],"ix":2},"a":{"a":0,"k":[8.002,4.193,0],"ix":1},"s":{"a":0,"k":[100,100,100],"ix":6}},"ao":0,"shapes":[{"ty":"gr","it":[{"ind":0,"ty":"sh","ix":1,"ks":{"a":0,"k":{"i":[[-0.117,0.302],[-1.542,0.931],[-1.822,-0.22],[-1.271,-1.243],[-0.263,-1.785],[0.731,-0.108],[0.268,0.185],[0,0],[0.899,0.402],[0.899,0.122],[0.977,-0.221],[1.102,-0.431],[0,0],[0.271,0.69]],"o":[[0.657,-1.678],[1.525,-0.917],[1.825,0.218],[1.278,1.268],[0.107,0.732],[-0.35,0.051],[0,0],[-0.964,-0.67],[-0.904,-0.443],[-0.904,-0.083],[-0.966,0.183],[0,0],[-0.69,0.271],[-0.127,-0.326]],"v":[[0.092,4.986],[3.431,1.148],[8.729,0.06],[13.624,2.355],[15.99,6.853],[14.861,8.372],[13.906,8.149],[13.592,7.931],[10.749,6.139],[8.104,5.365],[5.356,5.509],[2.174,6.589],[1.83,6.723],[0.092,5.962]],"c":true},"ix":2},"nm":"Path 1","mn":"ADBE Vector Shape - Group","hd":false},{"ty":"fl","c":{"a":0,"k":[1,0.607843137255,0.458823529412,1],"ix":4},"o":{"a":0,"k":100,"ix":5},"r":1,"bm":0,"nm":"Fill 1","mn":"ADBE Vector Graphic - Fill","hd":false},{"ty":"tr","p":{"a":0,"k":[0,0],"ix":2},"a":{"a":0,"k":[0,0],"ix":1},"s":{"a":0,"k":[100,100],"ix":3},"r":{"a":0,"k":0,"ix":6},"o":{"a":0,"k":100,"ix":7},"sk":{"a":0,"k":0,"ix":4},"sa":{"a":0,"k":0,"ix":5},"nm":"Transform"}],"nm":"Path 3801","np":2,"cix":2,"bm":0,"ix":1,"mn":"ADBE Vector Group","hd":false}],"ip":0,"op":120,"st":0,"bm":0},{"ddd":0,"ind":14,"ty":4,"nm":"Path 3800","parent":12,"sr":1,"ks":{"o":{"a":0,"k":100,"ix":11},"r":{"a":0,"k":0,"ix":10},"p":{"a":0,"k":[-12.761,-1.5,0],"ix":2},"a":{"a":0,"k":[8.002,4.193,0],"ix":1},"s":{"a":0,"k":[100,100,100],"ix":6}},"ao":0,"shapes":[{"ty":"gr","it":[{"ind":0,"ty":"sh","ix":1,"ks":{"a":0,"k":{"i":[[-0.118,0.302],[-1.541,0.932],[-1.82,-0.219],[-1.271,-1.243],[-0.264,-1.786],[0.731,-0.108],[0.27,0.187],[0,0],[0.9,0.402],[0.898,0.122],[0.978,-0.221],[1.101,-0.431],[0,0],[0.27,0.69]],"o":[[0.656,-1.678],[1.525,-0.917],[1.826,0.219],[1.279,1.268],[0.108,0.73],[-0.349,0.051],[0,0],[-0.966,-0.67],[-0.904,-0.443],[-0.904,-0.083],[-0.965,0.183],[0,0],[-0.69,0.271],[-0.127,-0.327]],"v":[[0.092,4.986],[3.431,1.148],[8.727,0.06],[13.624,2.355],[15.989,6.854],[14.86,8.372],[13.905,8.149],[13.592,7.93],[10.748,6.138],[8.104,5.365],[5.355,5.509],[2.175,6.589],[1.829,6.723],[0.092,5.964]],"c":true},"ix":2},"nm":"Path 1","mn":"ADBE Vector Shape - Group","hd":false},{"ty":"fl","c":{"a":0,"k":[1,0.607843137255,0.458823529412,1],"ix":4},"o":{"a":0,"k":100,"ix":5},"r":1,"bm":0,"nm":"Fill 1","mn":"ADBE Vector Graphic - Fill","hd":false},{"ty":"tr","p":{"a":0,"k":[0,0],"ix":2},"a":{"a":0,"k":[0,0],"ix":1},"s":{"a":0,"k":[100,100],"ix":3},"r":{"a":0,"k":0,"ix":6},"o":{"a":0,"k":100,"ix":7},"sk":{"a":0,"k":0,"ix":4},"sa":{"a":0,"k":0,"ix":5},"nm":"Transform"}],"nm":"Path 3800","np":2,"cix":2,"bm":0,"ix":1,"mn":"ADBE Vector Group","hd":false}],"ip":0,"op":120,"st":0,"bm":0},{"ddd":0,"ind":15,"ty":4,"nm":"mouth","parent":11,"sr":1,"ks":{"o":{"a":0,"k":100,"ix":11},"r":{"a":0,"k":0,"ix":10},"p":{"a":0,"k":[-1.138,14.823,0],"ix":2},"a":{"a":0,"k":[18.433,10.364,0],"ix":1},"s":{"a":0,"k":[100,100,100],"ix":6}},"ao":0,"shapes":[{"ty":"gr","it":[{"ind":0,"ty":"sh","ix":1,"ks":{"a":1,"k":[{"i":{"x":0.833,"y":0.833},"o":{"x":0.167,"y":0.167},"t":0,"s":[{"i":[[0,0],[0.749,-2.1],[8.923,1.048],[0.931,8.582],[-2.212,-0.26],[0,0]],"o":[[2.214,0.26],[-2.898,8.131],[-8.938,-1.051],[-0.241,-2.215],[0,0],[0,0]],"v":[[33.818,3.545],[36.66,8.162],[16.627,20.598],[0.021,3.855],[3.855,0.024],[19.236,1.831]],"c":true}]},{"i":{"x":0.833,"y":0.833},"o":{"x":0.167,"y":0.167},"t":60,"s":[{"i":[[0,0],[0.749,-2.1],[4.463,0.33],[0.931,8.582],[-2.233,-0.664],[-6.171,-0.44]],"o":[[2.214,0.26],[-2.898,8.131],[-5.538,-0.409],[-0.241,-2.215],[2.233,0.664],[5.751,0.41]],"v":[[30.318,4.795],[34.16,9.912],[18.127,17.598],[2.271,6.855],[6.355,2.024],[18.384,5.753]],"c":true}]},{"t":119,"s":[{"i":[[0,0],[0.749,-2.1],[8.923,1.048],[0.931,8.582],[-2.212,-0.26],[0,0]],"o":[[2.214,0.26],[-2.898,8.131],[-8.938,-1.051],[-0.241,-2.215],[0,0],[0,0]],"v":[[33.818,3.545],[36.66,8.162],[16.627,20.598],[0.021,3.855],[3.855,0.024],[19.236,1.831]],"c":true}]}],"ix":2},"nm":"Path 1","mn":"ADBE Vector Shape - Group","hd":false},{"ty":"fl","c":{"a":0,"k":[1,0.607843137255,0.458823529412,1],"ix":4},"o":{"a":0,"k":100,"ix":5},"r":1,"bm":0,"nm":"Fill 1","mn":"ADBE Vector Graphic - Fill","hd":false},{"ty":"tr","p":{"a":0,"k":[0,0],"ix":2},"a":{"a":0,"k":[0,0],"ix":1},"s":{"a":0,"k":[100,100],"ix":3},"r":{"a":0,"k":0,"ix":6},"o":{"a":0,"k":100,"ix":7},"sk":{"a":0,"k":0,"ix":4},"sa":{"a":0,"k":0,"ix":5},"nm":"Transform"}],"nm":"mouth","np":2,"cix":2,"bm":0,"ix":1,"mn":"ADBE Vector Group","hd":false}],"ip":0,"op":120,"st":0,"bm":0},{"ddd":0,"ind":16,"ty":4,"nm":"face","parent":11,"sr":1,"ks":{"o":{"a":0,"k":100,"ix":11},"r":{"a":0,"k":0,"ix":10},"p":{"a":0,"k":[0,0,0],"ix":2},"a":{"a":0,"k":[0,0,0],"ix":1},"s":{"a":0,"k":[100,100,100],"ix":6}},"ao":0,"shapes":[{"ty":"gr","it":[{"d":1,"ty":"el","s":{"a":0,"k":[67.042,67.042],"ix":2},"p":{"a":0,"k":[0,0],"ix":3},"nm":"Ellipse Path 1","mn":"ADBE Vector Shape - Ellipse","hd":false},{"ty":"fl","c":{"a":0,"k":[0.996078431373,0.890196078431,0.749019607843,1],"ix":4},"o":{"a":0,"k":100,"ix":5},"r":1,"bm":0,"nm":"Fill 1","mn":"ADBE Vector Graphic - Fill","hd":false},{"ty":"tr","p":{"a":0,"k":[0,0],"ix":2},"a":{"a":0,"k":[0,0],"ix":1},"s":{"a":0,"k":[100,100],"ix":3},"r":{"a":0,"k":0,"ix":6},"o":{"a":0,"k":100,"ix":7},"sk":{"a":0,"k":0,"ix":4},"sa":{"a":0,"k":0,"ix":5},"nm":"Transform"}],"nm":"face","np":2,"cix":2,"bm":0,"ix":1,"mn":"ADBE Vector Group","hd":false}],"ip":0,"op":120,"st":0,"bm":0},{"ddd":0,"ind":17,"ty":4,"nm":"star","parent":1,"sr":1,"ks":{"o":{"a":1,"k":[{"i":{"x":[0.833],"y":[0.833]},"o":{"x":[0.167],"y":[0.167]},"t":0,"s":[100]},{"i":{"x":[0.833],"y":[0.833]},"o":{"x":[0.167],"y":[0.167]},"t":60,"s":[100]},{"t":119,"s":[100]}],"ix":11},"r":{"a":1,"k":[{"i":{"x":[0.833],"y":[0.833]},"o":{"x":[0.167],"y":[0.167]},"t":0,"s":[0]},{"i":{"x":[0.833],"y":[0.833]},"o":{"x":[0.167],"y":[0.167]},"t":30,"s":[15]},{"i":{"x":[0.833],"y":[0.833]},"o":{"x":[0.167],"y":[0.167]},"t":60,"s":[0]},{"i":{"x":[0.833],"y":[0.833]},"o":{"x":[0.167],"y":[0.167]},"t":89,"s":[-15]},{"t":119,"s":[0]}],"ix":10},"p":{"a":1,"k":[{"i":{"x":0.833,"y":0.833},"o":{"x":0.167,"y":0.167},"t":0,"s":[80.337,-64.147,0],"to":[0,0,0],"ti":[0,0,0]},{"i":{"x":0.833,"y":0.833},"o":{"x":0.167,"y":0.167},"t":30,"s":[80.337,-59.147,0],"to":[0,0,0],"ti":[0,0,0]},{"i":{"x":0.833,"y":0.833},"o":{"x":0.167,"y":0.167},"t":60,"s":[80.337,-64.147,0],"to":[0,0,0],"ti":[0,0,0]},{"t":119,"s":[80.337,-64.147,0]}],"ix":2},"a":{"a":0,"k":[16.601,16.367,0],"ix":1},"s":{"a":1,"k":[{"i":{"x":[0.833,0.833,0.833],"y":[0.833,0.833,0.833]},"o":{"x":[0.167,0.167,0.167],"y":[0.167,0.167,0.167]},"t":0,"s":[100,100,100]},{"i":{"x":[0.833,0.833,0.833],"y":[0.833,0.833,0.833]},"o":{"x":[0.167,0.167,0.167],"y":[0.167,0.167,0.167]},"t":30,"s":[90,90,100]},{"i":{"x":[0.833,0.833,0.833],"y":[0.833,0.833,0.833]},"o":{"x":[0.167,0.167,0.167],"y":[0.167,0.167,0.167]},"t":60,"s":[100,100,100]},{"i":{"x":[0.833,0.833,0.833],"y":[0.833,0.833,0.833]},"o":{"x":[0.167,0.167,0.167],"y":[0.167,0.167,0.167]},"t":89,"s":[105,105,100]},{"t":119,"s":[100,100,100]}],"ix":6}},"ao":0,"shapes":[{"ty":"gr","it":[{"ind":0,"ty":"sh","ix":1,"ks":{"a":0,"k":{"i":[[-0.903,-2.422],[0,0],[-0.995,-0.25],[0,0],[2.024,-1.607],[0,0],[-0.069,-1.023],[0,0],[2.153,1.429],[0,0],[0.953,-0.383],[0,0],[-0.694,2.489],[0,0],[0.659,0.787],[0,0],[-2.582,0.109],[0,0],[-0.545,0.87],[0,0]],"o":[[0,0],[0.357,0.962],[0,0],[2.507,0.629],[0,0],[-0.804,0.637],[0,0],[0.176,2.579],[0,0],[-0.855,-0.568],[0,0],[-2.398,0.964],[0,0],[0.276,-0.989],[0,0],[-1.658,-1.983],[0,0],[1.025,-0.044],[0,0],[1.375,-2.189]],"v":[[20.526,2.03],[22.684,7.824],[24.845,9.759],[30.841,11.266],[32.02,16.732],[27.177,20.575],[26.004,23.229],[26.424,29.397],[21.59,32.207],[16.439,28.789],[13.551,28.495],[7.815,30.799],[3.648,27.069],[5.307,21.114],[4.696,18.277],[0.731,13.534],[2.991,8.419],[9.168,8.156],[11.676,6.698],[14.962,1.461]],"c":true},"ix":2},"nm":"Path 1","mn":"ADBE Vector Shape - Group","hd":false},{"ty":"fl","c":{"a":0,"k":[0.996078431373,0.890196078431,0.749019607843,1],"ix":4},"o":{"a":0,"k":100,"ix":5},"r":1,"bm":0,"nm":"Fill 1","mn":"ADBE Vector Graphic - Fill","hd":false},{"ty":"tr","p":{"a":0,"k":[0,0],"ix":2},"a":{"a":0,"k":[0,0],"ix":1},"s":{"a":0,"k":[100,100],"ix":3},"r":{"a":0,"k":0,"ix":6},"o":{"a":0,"k":100,"ix":7},"sk":{"a":0,"k":0,"ix":4},"sa":{"a":0,"k":0,"ix":5},"nm":"Transform"}],"nm":"star","np":2,"cix":2,"bm":0,"ix":1,"mn":"ADBE Vector Group","hd":false}],"ip":0,"op":120,"st":0,"bm":0},{"ddd":0,"ind":18,"ty":4,"nm":"chat","parent":1,"sr":1,"ks":{"o":{"a":0,"k":100,"ix":11},"r":{"a":1,"k":[{"i":{"x":[0.833],"y":[0.833]},"o":{"x":[0.167],"y":[0.167]},"t":0,"s":[0]},{"i":{"x":[0.833],"y":[0.833]},"o":{"x":[0.167],"y":[0.167]},"t":40,"s":[2]},{"i":{"x":[0.833],"y":[0.833]},"o":{"x":[0.167],"y":[0.167]},"t":80,"s":[2]},{"t":119,"s":[0]}],"ix":10},"p":{"a":1,"k":[{"i":{"x":0.833,"y":0.833},"o":{"x":0.167,"y":0.167},"t":0,"s":[-70.81,11.285,0],"to":[0,0,0],"ti":[0,0,0]},{"i":{"x":0.833,"y":0.833},"o":{"x":0.167,"y":0.167},"t":60,"s":[-70.81,8.285,0],"to":[0,0,0],"ti":[0,0,0]},{"t":119,"s":[-70.81,11.285,0]}],"ix":2},"a":{"a":0,"k":[0,0,0],"ix":1},"s":{"a":1,"k":[{"i":{"x":[0.833,0.833,0.833],"y":[0.833,0.833,0.833]},"o":{"x":[0.167,0.167,0.167],"y":[0.167,0.167,0.167]},"t":0,"s":[100,100,100]},{"t":119,"s":[100,100,100]}],"ix":6}},"ao":0,"shapes":[{"ty":"rc","d":1,"s":{"a":0,"k":[120.879,110.422],"ix":2},"p":{"a":0,"k":[0,0],"ix":3},"r":{"a":0,"k":0,"ix":4},"nm":"Rectangle Path 1","mn":"ADBE Vector Shape - Rect","hd":false}],"ip":0,"op":120,"st":0,"bm":0},{"ddd":0,"ind":19,"ty":4,"nm":"text lines","parent":18,"sr":1,"ks":{"o":{"a":0,"k":100,"ix":11},"r":{"a":1,"k":[{"i":{"x":[0.833],"y":[0.833]},"o":{"x":[0.167],"y":[0.167]},"t":0,"s":[0]},{"i":{"x":[0.833],"y":[0.833]},"o":{"x":[0.167],"y":[0.167]},"t":60,"s":[-2]},{"t":119,"s":[0]}],"ix":10},"p":{"a":0,"k":[-0.785,-7.222,0],"ix":2},"a":{"a":0,"k":[0,0,0],"ix":1},"s":{"a":0,"k":[100,100,100],"ix":6}},"ao":0,"shapes":[{"ty":"rc","d":1,"s":{"a":0,"k":[76.035,51.36],"ix":2},"p":{"a":0,"k":[0,0],"ix":3},"r":{"a":0,"k":0,"ix":4},"nm":"Rectangle Path 1","mn":"ADBE Vector Shape - Rect","hd":false}],"ip":0,"op":120,"st":0,"bm":0},{"ddd":0,"ind":20,"ty":4,"nm":"Group 4081","parent":19,"sr":1,"ks":{"o":{"a":0,"k":100,"ix":11},"r":{"a":0,"k":0,"ix":10},"p":{"a":0,"k":[-5.388,20.287,0],"ix":2},"a":{"a":0,"k":[0,0,0],"ix":1},"s":{"a":0,"k":[100,100,100],"ix":6}},"ao":0,"shapes":[{"ty":"rc","d":1,"s":{"a":0,"k":[55.94,10.787],"ix":2},"p":{"a":0,"k":[0,0],"ix":3},"r":{"a":0,"k":0,"ix":4},"nm":"Rectangle Path 1","mn":"ADBE Vector Shape - Rect","hd":false}],"ip":0,"op":120,"st":0,"bm":0},{"ddd":0,"ind":21,"ty":4,"nm":"Path 3797","parent":20,"sr":1,"ks":{"o":{"a":0,"k":100,"ix":11},"r":{"a":0,"k":0,"ix":10},"p":{"a":0,"k":[0,0,0],"ix":2},"a":{"a":0,"k":[27.97,5.393,0],"ix":1},"s":{"a":0,"k":[100,100,100],"ix":6}},"ao":0,"shapes":[{"ty":"gr","it":[{"ind":0,"ty":"sh","ix":1,"ks":{"a":1,"k":[{"i":{"x":0.833,"y":0.833},"o":{"x":0.167,"y":0.167},"t":0,"s":[{"i":[[0.089,0],[0.136,1.103],[-1.195,0.148],[0,0],[-0.15,-1.195],[1.194,-0.148],[0,0]],"o":[[-1.084,0],[-0.148,-1.194],[0,0],[1.191,-0.147],[0.149,1.195],[0,0],[-0.091,0.01]],"v":[[2.178,10.787],[0.017,8.875],[1.911,6.442],[53.49,0.017],[55.923,1.912],[54.029,4.345],[2.45,10.771]],"c":true}]},{"i":{"x":0.833,"y":0.833},"o":{"x":0.167,"y":0.167},"t":20,"s":[{"i":[[0.089,0],[0.136,1.103],[-1.195,0.148],[0,0],[-0.15,-1.195],[1.194,-0.148],[0,0]],"o":[[-1.084,0],[-0.148,-1.194],[0,0],[1.191,-0.147],[0.149,1.195],[0,0],[-0.091,0.01]],"v":[[2.178,10.787],[0.017,8.875],[1.911,6.442],[53.49,0.017],[55.923,1.912],[54.029,4.345],[2.45,10.771]],"c":true}]},{"i":{"x":0.833,"y":0.833},"o":{"x":0.167,"y":0.167},"t":70,"s":[{"i":[[0.089,0],[0.136,1.103],[-1.195,0.148],[0,0],[-0.15,-1.195],[1.194,-0.148],[0,0]],"o":[[-1.084,0],[-0.148,-1.194],[0,0],[1.191,-0.147],[0.149,1.195],[0,0],[-0.091,0.01]],"v":[[2.178,10.787],[0.017,8.875],[1.911,6.442],[47.12,0.572],[49.553,2.468],[47.659,4.901],[2.45,10.771]],"c":true}]},{"t":119,"s":[{"i":[[0.089,0],[0.136,1.103],[-1.195,0.148],[0,0],[-0.15,-1.195],[1.194,-0.148],[0,0]],"o":[[-1.084,0],[-0.148,-1.194],[0,0],[1.191,-0.147],[0.149,1.195],[0,0],[-0.091,0.01]],"v":[[2.178,10.787],[0.017,8.875],[1.911,6.442],[53.49,0.017],[55.923,1.912],[54.029,4.345],[2.45,10.771]],"c":true}]}],"ix":2},"nm":"Path 1","mn":"ADBE Vector Shape - Group","hd":false},{"ty":"fl","c":{"a":0,"k":[1,1,1,1],"ix":4},"o":{"a":0,"k":100,"ix":5},"r":1,"bm":0,"nm":"Fill 1","mn":"ADBE Vector Graphic - Fill","hd":false},{"ty":"tr","p":{"a":0,"k":[0,0],"ix":2},"a":{"a":0,"k":[0,0],"ix":1},"s":{"a":0,"k":[100,100],"ix":3},"r":{"a":0,"k":0,"ix":6},"o":{"a":0,"k":100,"ix":7},"sk":{"a":0,"k":0,"ix":4},"sa":{"a":0,"k":0,"ix":5},"nm":"Transform"}],"nm":"Path 3797","np":2,"cix":2,"bm":0,"ix":1,"mn":"ADBE Vector Group","hd":false}],"ip":0,"op":120,"st":0,"bm":0},{"ddd":0,"ind":22,"ty":4,"nm":"Group 4080","parent":19,"sr":1,"ks":{"o":{"a":0,"k":100,"ix":11},"r":{"a":0,"k":0,"ix":10},"p":{"a":0,"k":[1.544,6.313,0],"ix":2},"a":{"a":0,"k":[0,0,0],"ix":1},"s":{"a":0,"k":[100,100,100],"ix":6}},"ao":0,"shapes":[{"ty":"rc","d":1,"s":{"a":0,"k":[72.947,12.606],"ix":2},"p":{"a":0,"k":[0,0],"ix":3},"r":{"a":0,"k":0,"ix":4},"nm":"Rectangle Path 1","mn":"ADBE Vector Shape - Rect","hd":false}],"ip":0,"op":120,"st":0,"bm":0},{"ddd":0,"ind":23,"ty":4,"nm":"Path 3796","parent":22,"sr":1,"ks":{"o":{"a":0,"k":100,"ix":11},"r":{"a":0,"k":0,"ix":10},"p":{"a":0,"k":[0,0,0],"ix":2},"a":{"a":0,"k":[36.474,6.303,0],"ix":1},"s":{"a":0,"k":[100,100,100],"ix":6}},"ao":0,"shapes":[{"ty":"gr","it":[{"ind":0,"ty":"sh","ix":1,"ks":{"a":1,"k":[{"i":{"x":0.833,"y":0.833},"o":{"x":0.167,"y":0.167},"t":0,"s":[{"i":[[0.087,0],[0.133,1.107],[-1.195,0.144],[0,0],[-0.143,-1.194],[1.197,-0.143],[0,0]],"o":[[-1.088,0],[-0.143,-1.196],[0,0],[1.201,-0.133],[0.143,1.195],[0,0],[-0.088,0.011]],"v":[[2.178,12.606],[0.016,10.686],[1.921,8.259],[70.506,0.014],[72.932,1.919],[71.027,4.345],[2.441,12.59]],"c":true}]},{"i":{"x":0.833,"y":0.833},"o":{"x":0.167,"y":0.167},"t":20,"s":[{"i":[[0.087,0],[0.133,1.107],[-1.195,0.144],[0,0],[-0.143,-1.194],[1.197,-0.143],[0,0]],"o":[[-1.088,0],[-0.143,-1.196],[0,0],[1.201,-0.133],[0.143,1.195],[0,0],[-0.088,0.011]],"v":[[2.178,12.606],[0.016,10.686],[1.921,8.259],[70.506,0.014],[72.932,1.919],[71.027,4.345],[2.441,12.59]],"c":true}]},{"i":{"x":0.833,"y":0.833},"o":{"x":0.167,"y":0.167},"t":60,"s":[{"i":[[0.087,0],[0.133,1.107],[-1.195,0.144],[0,0],[-0.143,-1.194],[1.197,-0.143],[0,0]],"o":[[-1.088,0],[-0.143,-1.196],[0,0],[1.201,-0.133],[0.143,1.195],[0,0],[-0.088,0.011]],"v":[[2.178,12.606],[0.016,10.686],[1.921,8.259],[58.839,1.48],[61.264,3.385],[59.359,5.812],[2.441,12.59]],"c":true}]},{"t":119,"s":[{"i":[[0.087,0],[0.133,1.107],[-1.195,0.144],[0,0],[-0.143,-1.194],[1.197,-0.143],[0,0]],"o":[[-1.088,0],[-0.143,-1.196],[0,0],[1.201,-0.133],[0.143,1.195],[0,0],[-0.088,0.011]],"v":[[2.178,12.606],[0.016,10.686],[1.921,8.259],[70.506,0.014],[72.932,1.919],[71.027,4.345],[2.441,12.59]],"c":true}]}],"ix":2},"nm":"Path 1","mn":"ADBE Vector Shape - Group","hd":false},{"ty":"fl","c":{"a":0,"k":[1,1,1,1],"ix":4},"o":{"a":0,"k":100,"ix":5},"r":1,"bm":0,"nm":"Fill 1","mn":"ADBE Vector Graphic - Fill","hd":false},{"ty":"tr","p":{"a":0,"k":[0,0],"ix":2},"a":{"a":0,"k":[0,0],"ix":1},"s":{"a":0,"k":[100,100],"ix":3},"r":{"a":0,"k":0,"ix":6},"o":{"a":0,"k":100,"ix":7},"sk":{"a":0,"k":0,"ix":4},"sa":{"a":0,"k":0,"ix":5},"nm":"Transform"}],"nm":"Path 3796","np":2,"cix":2,"bm":0,"ix":1,"mn":"ADBE Vector Group","hd":false}],"ip":0,"op":120,"st":0,"bm":0},{"ddd":0,"ind":24,"ty":4,"nm":"Group 4079","parent":19,"sr":1,"ks":{"o":{"a":0,"k":100,"ix":11},"r":{"a":0,"k":0,"ix":10},"p":{"a":0,"k":[0,-6.53,0],"ix":2},"a":{"a":0,"k":[0,0,0],"ix":1},"s":{"a":0,"k":[100,100,100],"ix":6}},"ao":0,"shapes":[{"ty":"rc","d":1,"s":{"a":0,"k":[72.948,12.606],"ix":2},"p":{"a":0,"k":[0,0],"ix":3},"r":{"a":0,"k":0,"ix":4},"nm":"Rectangle Path 1","mn":"ADBE Vector Shape - Rect","hd":false}],"ip":0,"op":120,"st":0,"bm":0},{"ddd":0,"ind":25,"ty":4,"nm":"Path 3795","parent":24,"sr":1,"ks":{"o":{"a":0,"k":100,"ix":11},"r":{"a":0,"k":0,"ix":10},"p":{"a":0,"k":[0,0,0],"ix":2},"a":{"a":0,"k":[36.474,6.303,0],"ix":1},"s":{"a":0,"k":[100,100,100],"ix":6}},"ao":0,"shapes":[{"ty":"gr","it":[{"ind":0,"ty":"sh","ix":1,"ks":{"a":1,"k":[{"i":{"x":0.833,"y":0.833},"o":{"x":0.167,"y":0.167},"t":0,"s":[{"i":[[0.086,0],[0.133,1.108],[-1.197,0.143],[0,0],[-0.143,-1.194],[1.195,-0.145],[0,0]],"o":[[-1.088,0],[-0.144,-1.195],[0,0],[1.205,-0.133],[0.144,1.195],[0,0],[-0.088,0.01]],"v":[[2.179,12.606],[0.016,10.685],[1.921,8.259],[70.507,0.014],[72.932,1.919],[71.027,4.345],[2.442,12.59]],"c":true}]},{"i":{"x":0.833,"y":0.833},"o":{"x":0.167,"y":0.167},"t":20,"s":[{"i":[[0.086,0],[0.133,1.108],[-1.197,0.143],[0,0],[-0.143,-1.194],[1.195,-0.145],[0,0]],"o":[[-1.088,0],[-0.144,-1.195],[0,0],[1.205,-0.133],[0.144,1.195],[0,0],[-0.088,0.01]],"v":[[2.179,12.606],[0.016,10.685],[1.921,8.259],[70.507,0.014],[72.932,1.919],[71.027,4.345],[2.442,12.59]],"c":true}]},{"i":{"x":0.833,"y":0.833},"o":{"x":0.167,"y":0.167},"t":50,"s":[{"i":[[0.086,0],[0.133,1.108],[-1.197,0.143],[0,0],[-0.143,-1.194],[1.195,-0.145],[0,0]],"o":[[-1.088,0],[-0.144,-1.195],[0,0],[1.205,-0.133],[0.144,1.195],[0,0],[-0.088,0.01]],"v":[[2.179,12.606],[0.016,10.685],[1.921,8.259],[63.664,1.06],[66.089,2.965],[64.184,5.391],[2.442,12.59]],"c":true}]},{"t":119,"s":[{"i":[[0.086,0],[0.133,1.108],[-1.197,0.143],[0,0],[-0.143,-1.194],[1.195,-0.145],[0,0]],"o":[[-1.088,0],[-0.144,-1.195],[0,0],[1.205,-0.133],[0.144,1.195],[0,0],[-0.088,0.01]],"v":[[2.179,12.606],[0.016,10.685],[1.921,8.259],[70.507,0.014],[72.932,1.919],[71.027,4.345],[2.442,12.59]],"c":true}]}],"ix":2},"nm":"Path 1","mn":"ADBE Vector Shape - Group","hd":false},{"ty":"fl","c":{"a":0,"k":[1,1,1,1],"ix":4},"o":{"a":0,"k":100,"ix":5},"r":1,"bm":0,"nm":"Fill 1","mn":"ADBE Vector Graphic - Fill","hd":false},{"ty":"tr","p":{"a":0,"k":[0,0],"ix":2},"a":{"a":0,"k":[0,0],"ix":1},"s":{"a":0,"k":[100,100],"ix":3},"r":{"a":0,"k":0,"ix":6},"o":{"a":0,"k":100,"ix":7},"sk":{"a":0,"k":0,"ix":4},"sa":{"a":0,"k":0,"ix":5},"nm":"Transform"}],"nm":"Path 3795","np":2,"cix":2,"bm":0,"ix":1,"mn":"ADBE Vector Group","hd":false}],"ip":0,"op":120,"st":0,"bm":0},{"ddd":0,"ind":26,"ty":4,"nm":"Group 4078","parent":19,"sr":1,"ks":{"o":{"a":0,"k":100,"ix":11},"r":{"a":0,"k":0,"ix":10},"p":{"a":0,"k":[-1.544,-19.375,0],"ix":2},"a":{"a":0,"k":[0,0,0],"ix":1},"s":{"a":0,"k":[100,100,100],"ix":6}},"ao":0,"shapes":[{"ty":"rc","d":1,"s":{"a":0,"k":[72.948,12.61],"ix":2},"p":{"a":0,"k":[0,0],"ix":3},"r":{"a":0,"k":0,"ix":4},"nm":"Rectangle Path 1","mn":"ADBE Vector Shape - Rect","hd":false}],"ip":0,"op":120,"st":0,"bm":0},{"ddd":0,"ind":27,"ty":4,"nm":"Path 3794","parent":26,"sr":1,"ks":{"o":{"a":0,"k":100,"ix":11},"r":{"a":0,"k":0,"ix":10},"p":{"a":0,"k":[0,0,0],"ix":2},"a":{"a":0,"k":[36.474,6.305,0],"ix":1},"s":{"a":0,"k":[100,100,100],"ix":6}},"ao":0,"shapes":[{"ty":"gr","it":[{"ind":0,"ty":"sh","ix":1,"ks":{"a":1,"k":[{"i":{"x":0.833,"y":0.833},"o":{"x":0.167,"y":0.167},"t":0,"s":[{"i":[[0.085,0],[0.133,1.108],[-1.196,0.145],[0,0],[-0.145,-1.197],[1.195,-0.145],[0,0]],"o":[[-1.089,0],[-0.145,-1.195],[0,0],[1.199,-0.144],[0.143,1.195],[0,0],[-0.089,0.009]],"v":[[2.179,12.61],[0.016,10.689],[1.92,8.264],[70.506,0.016],[72.932,1.922],[71.027,4.347],[2.441,12.595]],"c":true}]},{"i":{"x":0.833,"y":0.833},"o":{"x":0.167,"y":0.167},"t":20,"s":[{"i":[[0.085,0],[0.133,1.108],[-1.196,0.145],[0,0],[-0.145,-1.197],[1.195,-0.145],[0,0]],"o":[[-1.089,0],[-0.145,-1.195],[0,0],[1.199,-0.144],[0.143,1.195],[0,0],[-0.089,0.009]],"v":[[2.179,12.61],[0.016,10.689],[1.92,8.264],[70.506,0.016],[72.932,1.922],[71.027,4.347],[2.441,12.595]],"c":true}]},{"i":{"x":0.833,"y":0.833},"o":{"x":0.167,"y":0.167},"t":40,"s":[{"i":[[0.085,0],[0.133,1.108],[-1.196,0.145],[0,0],[-0.145,-1.197],[1.195,-0.145],[0,0]],"o":[[-1.089,0],[-0.145,-1.195],[0,0],[1.199,-0.144],[0.143,1.195],[0,0],[-0.089,0.009]],"v":[[2.179,12.61],[0.016,10.689],[1.92,8.264],[65.916,1.124],[68.343,3.03],[66.438,5.455],[2.441,12.595]],"c":true}]},{"t":120,"s":[{"i":[[0.085,0],[0.133,1.108],[-1.196,0.145],[0,0],[-0.145,-1.197],[1.195,-0.145],[0,0]],"o":[[-1.089,0],[-0.145,-1.195],[0,0],[1.199,-0.144],[0.143,1.195],[0,0],[-0.089,0.009]],"v":[[2.179,12.61],[0.016,10.689],[1.92,8.264],[70.506,0.016],[72.932,1.922],[71.027,4.347],[2.441,12.595]],"c":true}]}],"ix":2},"nm":"Path 1","mn":"ADBE Vector Shape - Group","hd":false},{"ty":"fl","c":{"a":0,"k":[1,1,1,1],"ix":4},"o":{"a":0,"k":100,"ix":5},"r":1,"bm":0,"nm":"Fill 1","mn":"ADBE Vector Graphic - Fill","hd":false},{"ty":"tr","p":{"a":0,"k":[0,0],"ix":2},"a":{"a":0,"k":[0,0],"ix":1},"s":{"a":0,"k":[100,100],"ix":3},"r":{"a":0,"k":0,"ix":6},"o":{"a":0,"k":100,"ix":7},"sk":{"a":0,"k":0,"ix":4},"sa":{"a":0,"k":0,"ix":5},"nm":"Transform"}],"nm":"Path 3794","np":2,"cix":2,"bm":0,"ix":1,"mn":"ADBE Vector Group","hd":false}],"ip":0,"op":120,"st":0,"bm":0},{"ddd":0,"ind":28,"ty":4,"nm":"chat bubble","parent":18,"sr":1,"ks":{"o":{"a":0,"k":100,"ix":11},"r":{"a":0,"k":0,"ix":10},"p":{"a":0,"k":[0,0,0],"ix":2},"a":{"a":0,"k":[60.44,55.211,0],"ix":1},"s":{"a":0,"k":[100,100,100],"ix":6}},"ao":0,"shapes":[{"ty":"gr","it":[{"ind":0,"ty":"sh","ix":1,"ks":{"a":0,"k":{"i":[[1.061,8.599],[0,0],[8.612,-1.069],[0,0],[-1.062,-8.598],[0,0],[-8.25,0.542],[0,0],[-2.123,2.701],[0,0],[0,0]],"o":[[0,0],[-1.064,-8.612],[0,0],[-8.597,1.068],[0,0],[1.026,8.307],[0,0],[2.085,2.73],[0,0],[0,0],[8.599,-1.068]],"v":[[120.76,68.009],[114.07,13.833],[96.479,0.12],[13.822,10.393],[0.119,27.969],[6.81,82.145],[23.49,95.924],[32.984,108.357],[41.293,108.413],[54.046,92.174],[107.057,85.586]],"c":true},"ix":2},"nm":"Path 1","mn":"ADBE Vector Shape - Group","hd":false},{"ty":"gf","o":{"a":0,"k":100,"ix":10},"r":1,"bm":0,"g":{"p":3,"k":{"a":0,"k":[0,1,0.722,0.443,0.5,1,0.667,0.424,1,1,0.612,0.404],"ix":9}},"s":{"a":0,"k":[93.157,10.45],"ix":5},"e":{"a":0,"k":[45.034,93.434],"ix":6},"t":1,"nm":"Gradient Fill 1","mn":"ADBE Vector Graphic - G-Fill","hd":false},{"ty":"tr","p":{"a":0,"k":[0,0],"ix":2},"a":{"a":0,"k":[0,0],"ix":1},"s":{"a":0,"k":[100,100],"ix":3},"r":{"a":0,"k":0,"ix":6},"o":{"a":0,"k":100,"ix":7},"sk":{"a":0,"k":0,"ix":4},"sa":{"a":0,"k":0,"ix":5},"nm":"Transform"}],"nm":"chat bubble","np":2,"cix":2,"bm":0,"ix":1,"mn":"ADBE Vector Group","hd":false}],"ip":0,"op":120,"st":0,"bm":0},{"ddd":0,"ind":29,"ty":3,"nm":"heart","parent":1,"sr":1,"ks":{"o":{"a":0,"k":100,"ix":11},"r":{"a":0,"k":-2.8,"ix":10},"p":{"a":1,"k":[{"i":{"x":0.833,"y":0.833},"o":{"x":0.167,"y":0.167},"t":0,"s":[74.053,22.687,0],"to":[0,0,0],"ti":[0,0,0]},{"i":{"x":0.833,"y":0.833},"o":{"x":0.167,"y":0.167},"t":30,"s":[74.053,24,0],"to":[0,0,0],"ti":[0,0,0]},{"i":{"x":0.833,"y":0.833},"o":{"x":0.167,"y":0.167},"t":60,"s":[74.053,22.687,0],"to":[0,0,0],"ti":[0,0,0]},{"i":{"x":0.833,"y":0.833},"o":{"x":0.167,"y":0.167},"t":90,"s":[74.053,20,0],"to":[0,0,0],"ti":[0,0,0]},{"t":119,"s":[74.053,22.687,0]}],"ix":2},"a":{"a":0,"k":[0,0,0],"ix":1},"s":{"a":1,"k":[{"i":{"x":[0.833,0.833,0.833],"y":[0.833,0.833,0.833]},"o":{"x":[0.167,0.167,0.167],"y":[0.167,0.167,0.167]},"t":0,"s":[100,100,100]},{"t":119,"s":[100,100,100]}],"ix":6}},"ao":0,"ip":0,"op":120,"st":0,"bm":0},{"ddd":0,"ind":30,"ty":4,"nm":"heart shape","parent":29,"sr":1,"ks":{"o":{"a":0,"k":100,"ix":11},"r":{"a":0,"k":0,"ix":10},"p":{"a":1,"k":[{"i":{"x":0.833,"y":0.833},"o":{"x":0.167,"y":0.167},"t":0,"s":[-0.28,-3.941,0],"to":[0,0,0],"ti":[0,0,0]},{"t":119,"s":[-0.28,-3.941,0]}],"ix":2},"a":{"a":0,"k":[23.164,20.312,0],"ix":1},"s":{"a":1,"k":[{"i":{"x":[0.833,0.833,0.833],"y":[0.833,0.833,0.833]},"o":{"x":[0.167,0.167,0.167],"y":[0.167,0.167,0.167]},"t":0,"s":[100,100,100]},{"i":{"x":[0.833,0.833,0.833],"y":[0.833,0.833,0.833]},"o":{"x":[0.167,0.167,0.167],"y":[0.167,0.167,0.167]},"t":30,"s":[95,95,100]},{"i":{"x":[0.833,0.833,0.833],"y":[0.833,0.833,0.833]},"o":{"x":[0.167,0.167,0.167],"y":[0.167,0.167,0.167]},"t":60,"s":[105,105,100]},{"i":{"x":[0.833,0.833,0.833],"y":[0.833,0.833,0.833]},"o":{"x":[0.167,0.167,0.167],"y":[0.167,0.167,0.167]},"t":90,"s":[95,95,100]},{"t":119,"s":[100,100,100]}],"ix":6}},"ao":0,"shapes":[{"ty":"gr","it":[{"ind":0,"ty":"sh","ix":1,"ks":{"a":0,"k":{"i":[[0,0],[2.544,1.918],[0,0],[-4.329,5.782],[-4.299,-0.085],[-2.278,-1.714],[0,0],[0,0],[-5.78,-4.33],[0.089,-4.302],[1.719,-2.279]],"o":[[-1.917,2.545],[0,0],[-5.754,-4.335],[2.582,-3.383],[2.849,0.055],[0,0],[0,0],[4.338,-5.758],[3.383,2.587],[-0.059,2.854],[0,0]],"v":[[30.624,38.326],[22.545,39.461],[5.203,26.392],[2.619,8.04],[13.423,2.818],[21.284,5.682],[21.991,6.214],[22.754,5.205],[41.108,2.62],[46.326,13.437],[43.45,21.305]],"c":true},"ix":2},"nm":"Path 1","mn":"ADBE Vector Shape - Group","hd":false},{"ty":"fl","c":{"a":0,"k":[1,1,1,1],"ix":4},"o":{"a":0,"k":100,"ix":5},"r":1,"bm":0,"nm":"Fill 1","mn":"ADBE Vector Graphic - Fill","hd":false},{"ty":"tr","p":{"a":0,"k":[0,0],"ix":2},"a":{"a":0,"k":[0,0],"ix":1},"s":{"a":0,"k":[100,100],"ix":3},"r":{"a":0,"k":0,"ix":6},"o":{"a":0,"k":100,"ix":7},"sk":{"a":0,"k":0,"ix":4},"sa":{"a":0,"k":0,"ix":5},"nm":"Transform"}],"nm":"heart shape","np":2,"cix":2,"bm":0,"ix":1,"mn":"ADBE Vector Group","hd":false}],"ip":0,"op":120,"st":0,"bm":0},{"ddd":0,"ind":31,"ty":4,"nm":"chat bubble","parent":29,"sr":1,"ks":{"o":{"a":0,"k":100,"ix":11},"r":{"a":0,"k":0,"ix":10},"p":{"a":0,"k":[0,0,0],"ix":2},"a":{"a":0,"k":[56.571,55.272,0],"ix":1},"s":{"a":0,"k":[100,100,100],"ix":6}},"ao":0,"shapes":[{"ty":"gr","it":[{"ind":0,"ty":"sh","ix":1,"ks":{"a":0,"k":{"i":[[-28.989,1.09],[0,0],[0,0],[-1.137,3.186],[0,0],[0,0],[2.022,17.737],[31.08,-3.542],[-3.046,-26.738]],"o":[[0,0],[0,0],[2.849,1.888],[0,0],[0,0],[15.556,-10.309],[-3.048,-26.737],[-31.108,3.546],[2.885,25.305]],"v":[[57.037,97.68],[57.014,97.709],[75.107,109.663],[82.927,107.085],[90.049,87.278],[90.021,87.254],[112.868,42.443],[51.065,0.428],[0.274,55.276]],"c":true},"ix":2},"nm":"Path 1","mn":"ADBE Vector Shape - Group","hd":false},{"ty":"fl","c":{"a":0,"k":[0.96862745098,0.443137254902,0.494117647059,1],"ix":4},"o":{"a":0,"k":100,"ix":5},"r":1,"bm":0,"nm":"Fill 1","mn":"ADBE Vector Graphic - Fill","hd":false},{"ty":"tr","p":{"a":0,"k":[0,0],"ix":2},"a":{"a":0,"k":[0,0],"ix":1},"s":{"a":0,"k":[100,100],"ix":3},"r":{"a":0,"k":0,"ix":6},"o":{"a":0,"k":100,"ix":7},"sk":{"a":0,"k":0,"ix":4},"sa":{"a":0,"k":0,"ix":5},"nm":"Transform"}],"nm":"chat bubble","np":2,"cix":2,"bm":0,"ix":1,"mn":"ADBE Vector Group","hd":false}],"ip":0,"op":120,"st":0,"bm":0},{"ddd":0,"ind":32,"ty":4,"nm":"container","parent":1,"sr":1,"ks":{"o":{"a":0,"k":100,"ix":11},"r":{"a":0,"k":0,"ix":10},"p":{"a":0,"k":[0,0,0],"ix":2},"a":{"a":0,"k":[0,0,0],"ix":1},"s":{"a":0,"k":[100,100,100],"ix":6}},"ao":0,"shapes":[{"ty":"gr","it":[{"ty":"rc","d":1,"s":{"a":0,"k":[350,205],"ix":2},"p":{"a":0,"k":[0,0],"ix":3},"r":{"a":0,"k":0,"ix":4},"nm":"Rectangle Path 1","mn":"ADBE Vector Shape - Rect","hd":false},{"ty":"op","nm":"Offset Paths 1","a":{"a":0,"k":-0.5,"ix":1},"lj":1,"ml":{"a":0,"k":4,"ix":3},"ix":3,"mn":"ADBE Vector Filter - Offset","hd":false},{"ty":"tr","p":{"a":0,"k":[0,0],"ix":2},"a":{"a":0,"k":[0,0],"ix":1},"s":{"a":0,"k":[100,100],"ix":3},"r":{"a":0,"k":0,"ix":6},"o":{"a":0,"k":100,"ix":7},"sk":{"a":0,"k":0,"ix":4},"sa":{"a":0,"k":0,"ix":5},"nm":"Transform"}],"nm":"container Stroke","np":3,"cix":2,"bm":0,"ix":1,"mn":"ADBE Vector Group","hd":false},{"ty":"gr","it":[{"ty":"rc","d":1,"s":{"a":0,"k":[350,205],"ix":2},"p":{"a":0,"k":[0,0],"ix":3},"r":{"a":0,"k":0,"ix":4},"nm":"Rectangle Path 1","mn":"ADBE Vector Shape - Rect","hd":false},{"ty":"tr","p":{"a":0,"k":[0,0],"ix":2},"a":{"a":0,"k":[0,0],"ix":1},"s":{"a":0,"k":[100,100],"ix":3},"r":{"a":0,"k":0,"ix":6},"o":{"a":0,"k":100,"ix":7},"sk":{"a":0,"k":0,"ix":4},"sa":{"a":0,"k":0,"ix":5},"nm":"Transform"}],"nm":"container Fill","np":2,"cix":2,"bm":0,"ix":2,"mn":"ADBE Vector Group","hd":false}],"ip":0,"op":120,"st":0,"bm":0}],"markers":[]}