{"v":"5.8.1","fr":30,"ip":0,"op":61,"w":500,"h":500,"nm":"Star","ddd":0,"assets":[],"layers":[{"ddd":0,"ind":1,"ty":4,"nm":"Star4","sr":1,"ks":{"o":{"a":0,"k":100,"ix":11},"r":{"a":1,"k":[{"i":{"x":[0.667],"y":[1]},"o":{"x":[0.333],"y":[0]},"t":15,"s":[0]},{"t":35,"s":[90]}],"ix":10},"p":{"a":0,"k":[371.724,128.303,0],"ix":2,"l":2},"a":{"a":0,"k":[0,0,0],"ix":1,"l":2},"s":{"a":1,"k":[{"i":{"x":[0.667,0.667,0.667],"y":[1,1,1]},"o":{"x":[0.333,0.333,0.333],"y":[0,0,0]},"t":15,"s":[0,0,100]},{"i":{"x":[0.667,0.667,0.667],"y":[1,1,1]},"o":{"x":[0.333,0.333,0.333],"y":[0,0,0]},"t":25,"s":[100,100,100]},{"t":35,"s":[0,0,100]}],"ix":6,"l":2}},"ao":0,"shapes":[{"ty":"gr","it":[{"ind":0,"ty":"sh","ix":1,"ks":{"a":0,"k":{"i":[[0,0],[3,-3],[0.003,-4.056],[-2.982,-2.982],[-4.057,0.003],[-2.785,2.785],[-0.004,4.056],[2.904,2.902],[4.056,0.003],[0.023,0]],"o":[[-4.033,0.086],[-3,3],[-0.003,4.058],[2.982,2.982],[4.056,-0.004],[2.785,-2.785],[0.002,-4.058],[-2.904,-2.902],[-0.023,0],[0,0]],"v":[[-0.068,-28.276],[-8.944,-8.939],[-28.276,0],[-8.944,8.944],[0,28.276],[8.939,8.939],[28.276,0],[8.939,-8.944],[0,-28.276],[-0.068,-28.276]],"c":true},"ix":2},"nm":"Path 1","mn":"ADBE Vector Shape - Group","hd":false},{"ty":"gf","o":{"a":0,"k":100,"ix":10},"r":1,"bm":0,"g":{"p":3,"k":{"a":0,"k":[0,0.965,0.965,0,0.5,0.965,0.767,0.102,1,0.965,0.569,0.204],"ix":9}},"s":{"a":0,"k":[-17.374,-17.305],"ix":5},"e":{"a":0,"k":[16.276,15.197],"ix":6},"t":1,"nm":"Gradient Fill 1","mn":"ADBE Vector Graphic - G-Fill","hd":false},{"ty":"tr","p":{"a":0,"k":[0,0],"ix":2},"a":{"a":0,"k":[0,0],"ix":1},"s":{"a":0,"k":[100,100],"ix":3},"r":{"a":0,"k":0,"ix":6},"o":{"a":0,"k":100,"ix":7},"sk":{"a":0,"k":0,"ix":4},"sa":{"a":0,"k":0,"ix":5},"nm":"Transform"}],"nm":"Star4","np":2,"cix":2,"bm":0,"ix":1,"mn":"ADBE Vector Group","hd":false}],"ip":15,"op":36,"st":5,"bm":0},{"ddd":0,"ind":2,"ty":4,"nm":"Star6","sr":1,"ks":{"o":{"a":0,"k":100,"ix":11},"r":{"a":1,"k":[{"i":{"x":[0.667],"y":[1]},"o":{"x":[0.333],"y":[0]},"t":32,"s":[0]},{"t":52,"s":[90]}],"ix":10},"p":{"a":0,"k":[169.661,431.865,0],"ix":2,"l":2},"a":{"a":0,"k":[0,0,0],"ix":1,"l":2},"s":{"a":1,"k":[{"i":{"x":[0.667,0.667,0.667],"y":[1,1,1]},"o":{"x":[0.333,0.333,0.333],"y":[0,0,0]},"t":32,"s":[0,0,100]},{"i":{"x":[0.667,0.667,0.667],"y":[1,1,1]},"o":{"x":[0.333,0.333,0.333],"y":[0,0,0]},"t":42,"s":[50,50,100]},{"t":52,"s":[0,0,100]}],"ix":6,"l":2}},"ao":0,"shapes":[{"ty":"gr","it":[{"ind":0,"ty":"sh","ix":1,"ks":{"a":0,"k":{"i":[[0,0],[3,-3],[0.003,-4.056],[-2.982,-2.982],[-4.058,0.003],[-2.785,2.785],[-0.004,4.056],[2.904,2.902],[4.056,0.003],[0.023,0]],"o":[[-4.033,0.086],[-3,3],[-0.003,4.057],[2.982,2.982],[4.056,-0.004],[2.785,-2.785],[0.002,-4.058],[-2.904,-2.902],[-0.023,0],[0,0]],"v":[[-0.068,-28.276],[-8.944,-8.939],[-28.276,0],[-8.944,8.944],[0,28.276],[8.939,8.939],[28.276,0],[8.939,-8.944],[0,-28.276],[-0.068,-28.276]],"c":true},"ix":2},"nm":"Path 1","mn":"ADBE Vector Shape - Group","hd":false},{"ty":"gf","o":{"a":0,"k":100,"ix":10},"r":1,"bm":0,"g":{"p":3,"k":{"a":0,"k":[0,0.965,0.965,0,0.5,0.965,0.767,0.102,1,0.965,0.569,0.204],"ix":9}},"s":{"a":0,"k":[-17.434,-18.459],"ix":5},"e":{"a":0,"k":[15.283,16.796],"ix":6},"t":1,"nm":"Gradient Fill 1","mn":"ADBE Vector Graphic - G-Fill","hd":false},{"ty":"tr","p":{"a":0,"k":[0,0],"ix":2},"a":{"a":0,"k":[0,0],"ix":1},"s":{"a":0,"k":[100,100],"ix":3},"r":{"a":0,"k":0,"ix":6},"o":{"a":0,"k":100,"ix":7},"sk":{"a":0,"k":0,"ix":4},"sa":{"a":0,"k":0,"ix":5},"nm":"Transform"}],"nm":"Star3","np":2,"cix":2,"bm":0,"ix":1,"mn":"ADBE Vector Group","hd":false}],"ip":32,"op":53,"st":22,"bm":0},{"ddd":0,"ind":3,"ty":4,"nm":"Star5","sr":1,"ks":{"o":{"a":0,"k":100,"ix":11},"r":{"a":1,"k":[{"i":{"x":[0.667],"y":[1]},"o":{"x":[0.333],"y":[0]},"t":27,"s":[0]},{"t":47,"s":[90]}],"ix":10},"p":{"a":0,"k":[85.436,342.293,0],"ix":2,"l":2},"a":{"a":0,"k":[0,0,0],"ix":1,"l":2},"s":{"a":1,"k":[{"i":{"x":[0.667,0.667,0.667],"y":[1,1,1]},"o":{"x":[0.333,0.333,0.333],"y":[0,0,0]},"t":27,"s":[0,0,100]},{"i":{"x":[0.667,0.667,0.667],"y":[1,1,1]},"o":{"x":[0.333,0.333,0.333],"y":[0,0,0]},"t":37,"s":[100,100,100]},{"t":47,"s":[0,0,100]}],"ix":6,"l":2}},"ao":0,"shapes":[{"ty":"gr","it":[{"ind":0,"ty":"sh","ix":1,"ks":{"a":0,"k":{"i":[[0,0],[3,-3],[0.003,-4.056],[-2.982,-2.982],[-4.058,0.003],[-2.785,2.785],[-0.004,4.056],[2.904,2.902],[4.056,0.003],[0.023,0]],"o":[[-4.033,0.086],[-3,3],[-0.003,4.057],[2.982,2.982],[4.056,-0.004],[2.785,-2.785],[0.002,-4.058],[-2.904,-2.902],[-0.023,0],[0,0]],"v":[[-0.068,-28.276],[-8.944,-8.939],[-28.276,0],[-8.944,8.944],[0,28.276],[8.939,8.939],[28.276,0],[8.939,-8.944],[0,-28.276],[-0.068,-28.276]],"c":true},"ix":2},"nm":"Path 1","mn":"ADBE Vector Shape - Group","hd":false},{"ty":"gf","o":{"a":0,"k":100,"ix":10},"r":1,"bm":0,"g":{"p":3,"k":{"a":0,"k":[0,0.965,0.965,0,0.5,0.965,0.767,0.102,1,0.965,0.569,0.204],"ix":9}},"s":{"a":0,"k":[-17.434,-18.459],"ix":5},"e":{"a":0,"k":[15.283,16.796],"ix":6},"t":1,"nm":"Gradient Fill 1","mn":"ADBE Vector Graphic - G-Fill","hd":false},{"ty":"tr","p":{"a":0,"k":[0,0],"ix":2},"a":{"a":0,"k":[0,0],"ix":1},"s":{"a":0,"k":[100,100],"ix":3},"r":{"a":0,"k":0,"ix":6},"o":{"a":0,"k":100,"ix":7},"sk":{"a":0,"k":0,"ix":4},"sa":{"a":0,"k":0,"ix":5},"nm":"Transform"}],"nm":"Star3","np":2,"cix":2,"bm":0,"ix":1,"mn":"ADBE Vector Group","hd":false}],"ip":27,"op":48,"st":17,"bm":0},{"ddd":0,"ind":4,"ty":4,"nm":"Star3","sr":1,"ks":{"o":{"a":0,"k":100,"ix":11},"r":{"a":1,"k":[{"i":{"x":[0.667],"y":[1]},"o":{"x":[0.333],"y":[0]},"t":10,"s":[0]},{"t":30,"s":[90]}],"ix":10},"p":{"a":0,"k":[128.217,371.704,0],"ix":2,"l":2},"a":{"a":0,"k":[0,0,0],"ix":1,"l":2},"s":{"a":1,"k":[{"i":{"x":[0.667,0.667,0.667],"y":[1,1,1]},"o":{"x":[0.333,0.333,0.333],"y":[0,0,0]},"t":10,"s":[0,0,100]},{"i":{"x":[0.667,0.667,0.667],"y":[1,1,1]},"o":{"x":[0.333,0.333,0.333],"y":[0,0,0]},"t":20,"s":[100,100,100]},{"t":30,"s":[0,0,100]}],"ix":6,"l":2}},"ao":0,"shapes":[{"ty":"gr","it":[{"ind":0,"ty":"sh","ix":1,"ks":{"a":0,"k":{"i":[[0,0],[3,-3],[0.003,-4.056],[-2.982,-2.982],[-4.058,0.003],[-2.785,2.785],[-0.004,4.056],[2.904,2.902],[4.056,0.003],[0.023,0]],"o":[[-4.033,0.086],[-3,3],[-0.003,4.057],[2.982,2.982],[4.056,-0.004],[2.785,-2.785],[0.002,-4.058],[-2.904,-2.902],[-0.023,0],[0,0]],"v":[[-0.068,-28.276],[-8.944,-8.939],[-28.276,0],[-8.944,8.944],[0,28.276],[8.939,8.939],[28.276,0],[8.939,-8.944],[0,-28.276],[-0.068,-28.276]],"c":true},"ix":2},"nm":"Path 1","mn":"ADBE Vector Shape - Group","hd":false},{"ty":"gf","o":{"a":0,"k":100,"ix":10},"r":1,"bm":0,"g":{"p":3,"k":{"a":0,"k":[0,0.965,0.965,0,0.5,0.965,0.767,0.102,1,0.965,0.569,0.204],"ix":9}},"s":{"a":0,"k":[-17.434,-18.459],"ix":5},"e":{"a":0,"k":[15.283,16.796],"ix":6},"t":1,"nm":"Gradient Fill 1","mn":"ADBE Vector Graphic - G-Fill","hd":false},{"ty":"tr","p":{"a":0,"k":[0,0],"ix":2},"a":{"a":0,"k":[0,0],"ix":1},"s":{"a":0,"k":[100,100],"ix":3},"r":{"a":0,"k":0,"ix":6},"o":{"a":0,"k":100,"ix":7},"sk":{"a":0,"k":0,"ix":4},"sa":{"a":0,"k":0,"ix":5},"nm":"Transform"}],"nm":"Star3","np":2,"cix":2,"bm":0,"ix":1,"mn":"ADBE Vector Group","hd":false}],"ip":10,"op":31,"st":0,"bm":0},{"ddd":0,"ind":5,"ty":4,"nm":"Star2","sr":1,"ks":{"o":{"a":0,"k":100,"ix":11},"r":{"a":0,"k":0,"ix":10},"p":{"a":0,"k":[280.619,285.562,0],"ix":2,"l":2},"a":{"a":0,"k":[0,0,0],"ix":1,"l":2},"s":{"a":1,"k":[{"i":{"x":[0.833,0.833,0.833],"y":[0.833,0.833,0.833]},"o":{"x":[0.167,0.167,0.167],"y":[0.167,0.167,0.167]},"t":8,"s":[0,0,100]},{"i":{"x":[0.833,0.833,0.833],"y":[0.86,0.86,1]},"o":{"x":[0.167,0.167,0.167],"y":[0.167,0.167,0]},"t":12,"s":[80,80,100]},{"i":{"x":[0.833,0.833,0.833],"y":[0.869,0.869,1]},"o":{"x":[0.167,0.167,0.167],"y":[0.206,0.206,0]},"t":13,"s":[100,100,100]},{"i":{"x":[0.833,0.833,0.833],"y":[0.883,0.883,1]},"o":{"x":[0.167,0.167,0.167],"y":[0.229,0.229,0]},"t":14,"s":[113.54,113.54,100]},{"i":{"x":[0.833,0.833,0.833],"y":[0.923,0.923,1]},"o":{"x":[0.167,0.167,0.167],"y":[0.288,0.288,0]},"t":15,"s":[121.313,121.313,100]},{"i":{"x":[0.833,0.833,0.833],"y":[0.049,0.049,1]},"o":{"x":[0.167,0.167,0.167],"y":[-1.015,-1.015,0]},"t":16,"s":[124.471,124.471,100]},{"i":{"x":[0.833,0.833,0.833],"y":[0.791,0.791,1]},"o":{"x":[0.167,0.167,0.167],"y":[0.091,0.091,0]},"t":17,"s":[124.231,124.231,100]},{"i":{"x":[0.833,0.833,0.833],"y":[0.822,0.822,1]},"o":{"x":[0.167,0.167,0.167],"y":[0.139,0.139,0]},"t":18,"s":[121.737,121.737,100]},{"i":{"x":[0.833,0.833,0.833],"y":[0.835,0.835,1]},"o":{"x":[0.167,0.167,0.167],"y":[0.157,0.157,0]},"t":19,"s":[117.973,117.973,100]},{"i":{"x":[0.833,0.833,0.833],"y":[0.842,0.842,1]},"o":{"x":[0.167,0.167,0.167],"y":[0.168,0.168,0]},"t":20,"s":[113.718,113.718,100]},{"i":{"x":[0.833,0.833,0.833],"y":[0.848,0.848,1]},"o":{"x":[0.167,0.167,0.167],"y":[0.177,0.177,0]},"t":21,"s":[109.546,109.546,100]},{"i":{"x":[0.833,0.833,0.833],"y":[0.854,0.854,1]},"o":{"x":[0.167,0.167,0.167],"y":[0.185,0.185,0]},"t":22,"s":[105.83,105.83,100]},{"i":{"x":[0.833,0.833,0.833],"y":[0.859,0.859,1]},"o":{"x":[0.167,0.167,0.167],"y":[0.193,0.193,0]},"t":23,"s":[102.777,102.777,100]},{"i":{"x":[0.833,0.833,0.833],"y":[0.866,0.866,1]},"o":{"x":[0.167,0.167,0.167],"y":[0.204,0.204,0]},"t":24,"s":[100.464,100.464,100]},{"i":{"x":[0.833,0.833,0.833],"y":[0.878,0.878,1]},"o":{"x":[0.167,0.167,0.167],"y":[0.222,0.222,0]},"t":25,"s":[98.868,98.868,100]},{"i":{"x":[0.833,0.833,0.833],"y":[0.907,0.907,1]},"o":{"x":[0.167,0.167,0.167],"y":[0.264,0.264,0]},"t":26,"s":[97.908,97.908,100]},{"i":{"x":[0.833,0.833,0.833],"y":[1.256,1.256,1]},"o":{"x":[0.167,0.167,0.167],"y":[0.786,0.786,0]},"t":27,"s":[97.465,97.465,100]},{"i":{"x":[0.833,0.833,0.833],"y":[0.772,0.772,1]},"o":{"x":[0.167,0.167,0.167],"y":[0.063,0.063,0]},"t":28,"s":[97.413,97.413,100]},{"i":{"x":[0.833,0.833,0.833],"y":[0.818,0.818,1]},"o":{"x":[0.167,0.167,0.167],"y":[0.131,0.131,0]},"t":29,"s":[97.627,97.627,100]},{"i":{"x":[0.833,0.833,0.833],"y":[0.833,0.833,1]},"o":{"x":[0.167,0.167,0.167],"y":[0.153,0.153,0]},"t":30,"s":[97.999,97.999,100]},{"i":{"x":[0.833,0.833,0.833],"y":[0.841,0.841,1]},"o":{"x":[0.167,0.167,0.167],"y":[0.166,0.166,0]},"t":31,"s":[98.441,98.441,100]},{"i":{"x":[0.833,0.833,0.833],"y":[0.847,0.847,1]},"o":{"x":[0.167,0.167,0.167],"y":[0.175,0.175,0]},"t":32,"s":[98.887,98.887,100]},{"i":{"x":[0.833,0.833,0.833],"y":[0.852,0.852,1]},"o":{"x":[0.167,0.167,0.167],"y":[0.183,0.183,0]},"t":33,"s":[99.294,99.294,100]},{"i":{"x":[0.833,0.833,0.833],"y":[0.858,0.858,1]},"o":{"x":[0.167,0.167,0.167],"y":[0.191,0.191,0]},"t":34,"s":[99.634,99.634,100]},{"i":{"x":[0.833,0.833,0.833],"y":[0.864,0.864,1]},"o":{"x":[0.167,0.167,0.167],"y":[0.201,0.201,0]},"t":35,"s":[99.897,99.897,100]},{"i":{"x":[0.833,0.833,0.833],"y":[0.875,0.875,1]},"o":{"x":[0.167,0.167,0.167],"y":[0.216,0.216,0]},"t":36,"s":[100.084,100.084,100]},{"i":{"x":[0.833,0.833,0.833],"y":[0.896,0.896,1]},"o":{"x":[0.167,0.167,0.167],"y":[0.248,0.248,0]},"t":37,"s":[100.201,100.201,100]},{"i":{"x":[0.833,0.833,0.833],"y":[0.833,0.833,1]},"o":{"x":[0.167,0.167,0.167],"y":[0.422,0.422,0]},"t":38,"s":[100.26,100.26,100]},{"t":39,"s":[100.274,100.274,100]}],"ix":6,"l":2}},"ao":0,"shapes":[{"ty":"gr","it":[{"ind":0,"ty":"sh","ix":1,"ks":{"a":0,"k":{"i":[[0,0],[24.329,0.018],[19.672,14.315],[7.501,23.144],[-7.535,23.133],[-19.693,14.286],[-24.329,-0.018],[-19.672,-14.315],[-7.501,-23.144],[7.535,-23.133],[19.693,-14.286]],"o":[[-19.693,14.286],[-24.329,-0.017],[-19.672,-14.315],[-7.501,-23.144],[7.535,-23.133],[19.693,-14.286],[24.329,0.018],[19.672,14.315],[7.501,23.144],[-7.535,23.133],[0,0]],"v":[[73.126,110.987],[-0.084,90.475],[-73.324,110.878],[-76.439,34.913],[-118.476,-28.437],[-47.192,-54.874],[0.068,-114.43],[47.239,-54.805],[118.484,-28.262],[76.354,35.026],[73.126,110.987]],"c":true},"ix":2},"nm":"Path 1","mn":"ADBE Vector Shape - Group","hd":false},{"ty":"gf","o":{"a":0,"k":100,"ix":10},"r":1,"bm":0,"g":{"p":3,"k":{"a":0,"k":[0,0.965,0.965,0,0.5,0.965,0.767,0.102,1,0.965,0.569,0.204],"ix":9}},"s":{"a":0,"k":[0.299,-114.402],"ix":5},"e":{"a":0,"k":[-0.619,103.438],"ix":6},"t":1,"nm":"Gradient Fill 1","mn":"ADBE Vector Graphic - G-Fill","hd":false},{"ty":"tr","p":{"a":0,"k":[0,0],"ix":2},"a":{"a":0,"k":[0,0],"ix":1},"s":{"a":0,"k":[100,100],"ix":3},"r":{"a":0,"k":0,"ix":6},"o":{"a":0,"k":100,"ix":7},"sk":{"a":0,"k":0,"ix":4},"sa":{"a":0,"k":0,"ix":5},"nm":"Transform"}],"nm":"Star2","np":2,"cix":2,"bm":0,"ix":1,"mn":"ADBE Vector Group","hd":false}],"ip":8,"op":73,"st":3,"bm":0},{"ddd":0,"ind":6,"ty":4,"nm":"Star1","sr":1,"ks":{"o":{"a":0,"k":100,"ix":11},"r":{"a":0,"k":0,"ix":10},"p":{"a":0,"k":[207.986,203.498,0],"ix":2,"l":2},"a":{"a":0,"k":[0,0,0],"ix":1,"l":2},"s":{"a":1,"k":[{"i":{"x":[0.833,0.833,0.833],"y":[0.833,0.833,0.833]},"o":{"x":[0.167,0.167,0.167],"y":[0.167,0.167,0.167]},"t":5,"s":[0,0,100]},{"i":{"x":[0.833,0.833,0.833],"y":[0.86,0.86,1]},"o":{"x":[0.167,0.167,0.167],"y":[0.167,0.167,0]},"t":9,"s":[80,80,100]},{"i":{"x":[0.833,0.833,0.833],"y":[0.869,0.869,1]},"o":{"x":[0.167,0.167,0.167],"y":[0.206,0.206,0]},"t":10,"s":[100,100,100]},{"i":{"x":[0.833,0.833,0.833],"y":[0.883,0.883,1]},"o":{"x":[0.167,0.167,0.167],"y":[0.229,0.229,0]},"t":11,"s":[113.54,113.54,100]},{"i":{"x":[0.833,0.833,0.833],"y":[0.923,0.923,1]},"o":{"x":[0.167,0.167,0.167],"y":[0.288,0.288,0]},"t":12,"s":[121.313,121.313,100]},{"i":{"x":[0.833,0.833,0.833],"y":[0.049,0.049,1]},"o":{"x":[0.167,0.167,0.167],"y":[-1.015,-1.015,0]},"t":13,"s":[124.471,124.471,100]},{"i":{"x":[0.833,0.833,0.833],"y":[0.791,0.791,1]},"o":{"x":[0.167,0.167,0.167],"y":[0.091,0.091,0]},"t":14,"s":[124.231,124.231,100]},{"i":{"x":[0.833,0.833,0.833],"y":[0.822,0.822,1]},"o":{"x":[0.167,0.167,0.167],"y":[0.139,0.139,0]},"t":15,"s":[121.737,121.737,100]},{"i":{"x":[0.833,0.833,0.833],"y":[0.835,0.835,1]},"o":{"x":[0.167,0.167,0.167],"y":[0.157,0.157,0]},"t":16,"s":[117.973,117.973,100]},{"i":{"x":[0.833,0.833,0.833],"y":[0.842,0.842,1]},"o":{"x":[0.167,0.167,0.167],"y":[0.168,0.168,0]},"t":17,"s":[113.718,113.718,100]},{"i":{"x":[0.833,0.833,0.833],"y":[0.848,0.848,1]},"o":{"x":[0.167,0.167,0.167],"y":[0.177,0.177,0]},"t":18,"s":[109.546,109.546,100]},{"i":{"x":[0.833,0.833,0.833],"y":[0.854,0.854,1]},"o":{"x":[0.167,0.167,0.167],"y":[0.185,0.185,0]},"t":19,"s":[105.83,105.83,100]},{"i":{"x":[0.833,0.833,0.833],"y":[0.859,0.859,1]},"o":{"x":[0.167,0.167,0.167],"y":[0.193,0.193,0]},"t":20,"s":[102.777,102.777,100]},{"i":{"x":[0.833,0.833,0.833],"y":[0.866,0.866,1]},"o":{"x":[0.167,0.167,0.167],"y":[0.204,0.204,0]},"t":21,"s":[100.464,100.464,100]},{"i":{"x":[0.833,0.833,0.833],"y":[0.878,0.878,1]},"o":{"x":[0.167,0.167,0.167],"y":[0.222,0.222,0]},"t":22,"s":[98.868,98.868,100]},{"i":{"x":[0.833,0.833,0.833],"y":[0.907,0.907,1]},"o":{"x":[0.167,0.167,0.167],"y":[0.264,0.264,0]},"t":23,"s":[97.908,97.908,100]},{"i":{"x":[0.833,0.833,0.833],"y":[1.256,1.256,1]},"o":{"x":[0.167,0.167,0.167],"y":[0.786,0.786,0]},"t":24,"s":[97.465,97.465,100]},{"i":{"x":[0.833,0.833,0.833],"y":[0.772,0.772,1]},"o":{"x":[0.167,0.167,0.167],"y":[0.063,0.063,0]},"t":25,"s":[97.413,97.413,100]},{"i":{"x":[0.833,0.833,0.833],"y":[0.818,0.818,1]},"o":{"x":[0.167,0.167,0.167],"y":[0.131,0.131,0]},"t":26,"s":[97.627,97.627,100]},{"i":{"x":[0.833,0.833,0.833],"y":[0.833,0.833,1]},"o":{"x":[0.167,0.167,0.167],"y":[0.153,0.153,0]},"t":27,"s":[97.999,97.999,100]},{"i":{"x":[0.833,0.833,0.833],"y":[0.841,0.841,1]},"o":{"x":[0.167,0.167,0.167],"y":[0.166,0.166,0]},"t":28,"s":[98.441,98.441,100]},{"i":{"x":[0.833,0.833,0.833],"y":[0.847,0.847,1]},"o":{"x":[0.167,0.167,0.167],"y":[0.175,0.175,0]},"t":29,"s":[98.887,98.887,100]},{"i":{"x":[0.833,0.833,0.833],"y":[0.852,0.852,1]},"o":{"x":[0.167,0.167,0.167],"y":[0.183,0.183,0]},"t":30,"s":[99.294,99.294,100]},{"i":{"x":[0.833,0.833,0.833],"y":[0.858,0.858,1]},"o":{"x":[0.167,0.167,0.167],"y":[0.191,0.191,0]},"t":31,"s":[99.634,99.634,100]},{"i":{"x":[0.833,0.833,0.833],"y":[0.864,0.864,1]},"o":{"x":[0.167,0.167,0.167],"y":[0.201,0.201,0]},"t":32,"s":[99.897,99.897,100]},{"i":{"x":[0.833,0.833,0.833],"y":[0.875,0.875,1]},"o":{"x":[0.167,0.167,0.167],"y":[0.216,0.216,0]},"t":33,"s":[100.084,100.084,100]},{"i":{"x":[0.833,0.833,0.833],"y":[0.896,0.896,1]},"o":{"x":[0.167,0.167,0.167],"y":[0.248,0.248,0]},"t":34,"s":[100.201,100.201,100]},{"i":{"x":[0.833,0.833,0.833],"y":[0.833,0.833,1]},"o":{"x":[0.167,0.167,0.167],"y":[0.422,0.422,0]},"t":35,"s":[100.26,100.26,100]},{"t":36,"s":[100.274,100.274,100]}],"ix":6,"l":2}},"ao":0,"shapes":[{"ty":"gr","it":[{"ind":0,"ty":"sh","ix":1,"ks":{"a":0,"k":{"i":[[17.81,-12.92],[22.003,0.016],[17.791,12.946],[6.784,20.931],[-6.815,20.921],[-17.81,12.92],[-22.003,-0.016],[-17.791,-12.946],[-6.784,-20.931],[6.815,-20.921]],"o":[[-17.81,12.92],[-22.003,-0.016],[-17.791,-12.946],[-6.784,-20.931],[6.815,-20.921],[17.81,-12.92],[22.003,0.016],[17.791,12.946],[6.784,20.931],[-6.815,20.921]],"v":[[66.134,100.375],[-0.076,81.825],[-66.313,100.277],[-69.131,31.575],[-107.148,-25.718],[-42.68,-49.628],[0.061,-103.489],[42.723,-49.565],[107.156,-25.56],[69.053,31.677]],"c":true},"ix":2},"nm":"Path 1","mn":"ADBE Vector Shape - Group","hd":false},{"ty":"gf","o":{"a":0,"k":100,"ix":10},"r":1,"bm":0,"g":{"p":3,"k":{"a":0,"k":[0,1,0.369,0.247,0.5,1,0.547,0.247,1,1,0.725,0.247],"ix":9}},"s":{"a":0,"k":[50.645,77.327],"ix":5},"e":{"a":0,"k":[-49.986,-57.498],"ix":6},"t":1,"nm":"Gradient Fill 1","mn":"ADBE Vector Graphic - G-Fill","hd":false},{"ty":"tr","p":{"a":0,"k":[0,0],"ix":2},"a":{"a":0,"k":[0,0],"ix":1},"s":{"a":0,"k":[100,100],"ix":3},"r":{"a":0,"k":0,"ix":6},"o":{"a":0,"k":100,"ix":7},"sk":{"a":0,"k":0,"ix":4},"sa":{"a":0,"k":0,"ix":5},"nm":"Transform"}],"nm":"Star1","np":2,"cix":2,"bm":0,"ix":1,"mn":"ADBE Vector Group","hd":false}],"ip":5,"op":73,"st":0,"bm":0}],"markers":[]}